time,signal,confidence,entry,stop,tp1,outcome,exit,r
2026-05-05 20:00:00-04:00,BUY,HIGH,4602.2,4588.45,4611.37,TP1,4611.37,0.667
2026-05-05 21:00:00-04:00,BUY,HIGH,4622.3,4607.25,4632.34,TP1,4632.34,0.667
2026-05-05 22:00:00-04:00,BUY,HIGH,4643.8,4629.19,4653.54,TP1,4653.54,0.667
2026-05-05 23:00:00-04:00,BUY,HIGH,4657.5,4643.22,4667.02,TP1,4667.02,0.667
2026-05-06 00:00:00-04:00,BUY,HIGH,4657.8,4644.68,4666.54,TP1,4666.54,0.667
2026-05-06 01:00:00-04:00,BUY,HIGH,4665.6,4653.07,4673.95,TP1,4673.95,0.667
2026-05-06 02:00:00-04:00,BUY,HIGH,4671.6,4658.74,4680.17,TP1,4680.17,0.667
2026-05-06 03:00:00-04:00,BUY,HIGH,4669.7,4656.56,4678.46,TP1,4678.46,0.667
2026-05-06 04:00:00-04:00,BUY,HIGH,4691.4,4677.84,4700.44,TP1,4700.44,0.667
2026-05-06 05:00:00-04:00,BUY,HIGH,4706.3,4690.42,4716.89,TP1,4716.89,0.667
2026-05-06 06:00:00-04:00,BUY,HIGH,4710.6,4694.7,4721.2,TP1,4721.2,0.667
2026-05-06 07:00:00-04:00,BUY,HIGH,4723.6,4707.07,4734.62,SL,4707.07,-1.0
2026-05-06 08:00:00-04:00,BUY,HIGH,4684.8,4666.26,4697.16,TP1,4697.16,0.667
2026-05-06 09:00:00-04:00,BUY,HIGH,4694.2,4673.74,4707.84,TP1,4707.84,0.667
2026-05-06 10:00:00-04:00,BUY,HIGH,4722.3,4701.1,4736.43,SL,4701.1,-1.0
2026-05-06 11:00:00-04:00,BUY,HIGH,4708.1,4687.67,4721.72,TP1,4721.72,0.667
2026-05-06 12:00:00-04:00,BUY,HIGH,4695.2,4676.95,4707.37,TP1,4707.37,0.667
2026-05-06 13:00:00-04:00,BUY,HIGH,4696.3,4679.7,4707.36,TP1,4707.36,0.667
2026-05-06 14:00:00-04:00,BUY,HIGH,4697.7,4683.41,4707.22,TP1,4707.22,0.667
2026-05-06 15:00:00-04:00,BUY,HIGH,4706.3,4693.49,4714.84,TP1,4714.84,0.667
2026-05-06 16:00:00-04:00,BUY,HIGH,4709.3,4697.47,4717.18,SL,4697.47,-1.0
2026-05-06 18:00:00-04:00,BUY,HIGH,4706.5,4694.86,4714.26,SL,4694.86,-1.0
2026-05-06 19:00:00-04:00,BUY,HIGH,4703.4,4692.75,4710.5,TP1,4710.5,0.667
2026-05-06 20:00:00-04:00,BUY,HIGH,4709.0,4698.28,4716.14,SL,4698.28,-1.0
2026-05-06 21:00:00-04:00,BUY,HIGH,4718.7,4705.78,4727.32,TP1,4727.32,0.667
2026-05-06 22:00:00-04:00,BUY,HIGH,4712.6,4697.89,4722.4,TP1,4722.4,0.667
2026-05-06 23:00:00-04:00,BUY,HIGH,4714.9,4701.64,4723.74,SL,4701.64,-1.0
2026-05-07 00:00:00-04:00,BUY,HIGH,4705.5,4694.06,4713.13,TP1,4713.13,0.667
2026-05-07 01:00:00-04:00,BUY,HIGH,4709.1,4698.59,4716.1,TP1,4716.1,0.667
2026-05-07 02:00:00-04:00,BUY,HIGH,4716.7,4705.66,4724.06,TP1,4724.06,0.667
2026-05-07 03:00:00-04:00,BUY,HIGH,4759.4,4743.85,4769.77,SL,4743.85,-1.0
2026-05-07 04:00:00-04:00,BUY,HIGH,4752.3,4737.07,4762.45,SL,4737.07,-1.0
2026-05-07 05:00:00-04:00,BUY,HIGH,4743.9,4728.71,4754.02,TP1,4754.02,0.667
2026-05-07 06:00:00-04:00,BUY,HIGH,4744.0,4729.3,4753.8,TP1,4753.8,0.667
2026-05-07 07:00:00-04:00,BUY,HIGH,4739.9,4725.67,4749.39,TP1,4749.39,0.667
2026-05-07 08:00:00-04:00,BUY,HIGH,4753.5,4739.74,4762.68,TP1,4762.68,0.667
2026-05-07 09:00:00-04:00,BUY,HIGH,4743.0,4727.17,4753.55,TP1,4753.55,0.667
2026-05-07 10:00:00-04:00,BUY,HIGH,4762.0,4745.03,4773.31,TP1,4773.31,0.667
2026-05-07 11:00:00-04:00,BUY,HIGH,4765.3,4747.6,4777.1,SL,4747.6,-1.0
2026-05-07 12:00:00-04:00,BUY,MEDIUM,4724.8,4701.69,4740.21,SL,4701.69,-1.0
2026-05-07 13:00:00-04:00,SELL,HIGH,4724.3,4745.83,4709.95,TP1,4709.95,0.667
2026-05-07 13:30:00-04:00,BUY,MEDIUM,4709.8,4686.6,4725.27,TP1,4725.27,0.667
2026-05-07 14:30:00-04:00,BUY,HIGH,4715.4,4694.1,4729.6,SL,4694.1,-1.0
2026-05-07 15:30:00-04:00,BUY,HIGH,4718.5,4698.26,4731.99,SL,4698.26,-1.0
2026-05-07 16:30:00-04:00,BUY,HIGH,4713.8,4693.95,4727.03,SL,4693.95,-1.0
2026-05-07 16:45:00-04:00,SELL,HIGH,4696.0,4716.66,4682.23,TP1,4682.23,0.667
2026-05-07 18:00:00-04:00,SELL,HIGH,4699.8,4722.85,4684.43,SL,4722.85,-1.0
2026-05-07 19:00:00-04:00,BUY,MEDIUM,4699.8,4679.17,4713.56,TP1,4713.56,0.667
2026-05-07 20:00:00-04:00,BUY,HIGH,4711.1,4693.0,4723.16,TP1,4723.16,0.667
2026-05-07 21:00:00-04:00,BUY,HIGH,4722.5,4704.05,4734.8,TP1,4734.8,0.667
2026-05-07 22:00:00-04:00,BUY,HIGH,4732.4,4714.28,4744.48,SL,4714.28,-1.0
2026-05-07 23:00:00-04:00,BUY,HIGH,4727.8,4710.39,4739.4,TP1,4739.4,0.667
2026-05-08 00:00:00-04:00,BUY,HIGH,4723.5,4707.39,4734.24,TP1,4734.24,0.667
2026-05-08 01:00:00-04:00,BUY,HIGH,4720.9,4706.18,4730.71,TP1,4730.71,0.667
2026-05-08 02:00:00-04:00,BUY,HIGH,4731.7,4716.5,4741.83,TP1,4741.83,0.667
2026-05-08 03:00:00-04:00,BUY,HIGH,4724.3,4709.01,4734.49,SL,4709.01,-1.0
2026-05-08 04:00:00-04:00,BUY,HIGH,4720.7,4705.25,4731.0,TP1,4731.0,0.667
2026-05-08 05:00:00-04:00,BUY,HIGH,4727.9,4713.54,4737.47,TP1,4737.47,0.667
2026-05-08 06:00:00-04:00,BUY,HIGH,4728.5,4715.05,4737.47,TP1,4737.47,0.667
2026-05-08 07:00:00-04:00,BUY,HIGH,4731.4,4718.3,4740.13,SL,4718.3,-1.0
2026-05-08 08:00:00-04:00,BUY,MEDIUM,4713.9,4700.74,4722.68,TP1,4722.68,0.667
2026-05-08 09:00:00-04:00,BUY,HIGH,4729.7,4713.71,4740.36,TP1,4740.36,0.667
2026-05-08 10:00:00-04:00,BUY,HIGH,4741.4,4722.24,4754.18,SL,4722.24,-1.0
2026-05-08 11:00:00-04:00,BUY,HIGH,4717.5,4697.85,4730.6,TP1,4730.6,0.667
2026-05-08 12:00:00-04:00,BUY,MEDIUM,4721.2,4703.04,4733.31,TP1,4733.31,0.667
2026-05-08 13:00:00-04:00,BUY,HIGH,4725.0,4709.35,4735.44,TP1,4735.44,0.667
2026-05-08 14:00:00-04:00,BUY,HIGH,4737.1,4723.38,4746.25,SL,4723.38,-1.0
2026-05-08 15:00:00-04:00,BUY,HIGH,4733.1,4721.2,4741.03,SL,4721.2,-1.0
2026-05-08 16:00:00-04:00,BUY,HIGH,4728.5,4717.94,4735.54,SL,4717.94,-1.0
2026-05-10 18:00:00-04:00,SELL,HIGH,4695.9,4709.07,4687.12,TP1,4687.12,0.667
2026-05-10 19:00:00-04:00,SELL,HIGH,4699.0,4712.15,4690.23,TP1,4690.23,0.667
2026-05-10 19:15:00-04:00,BUY,MEDIUM,4703.6,4690.51,4712.33,SL,4690.51,-1.0
2026-05-10 20:00:00-04:00,SELL,HIGH,4690.8,4703.78,4682.14,TP1,4682.14,0.667
2026-05-10 20:30:00-04:00,BUY,MEDIUM,4697.8,4684.43,4706.71,SL,4684.43,-1.0
2026-05-10 21:30:00-04:00,BUY,HIGH,4702.8,4685.8,4714.13,SL,4685.8,-1.0
2026-05-10 22:30:00-04:00,BUY,MEDIUM,4697.1,4679.75,4708.67,SL,4679.75,-1.0
2026-05-10 23:30:00-04:00,BUY,HIGH,4695.5,4678.23,4707.01,SL,4678.23,-1.0
2026-05-10 23:45:00-04:00,SELL,HIGH,4687.0,4704.2,4675.53,TP1,4675.53,0.667
2026-05-11 00:45:00-04:00,SELL,HIGH,4679.8,4695.18,4669.55,TP1,4669.55,0.667
2026-05-11 01:00:00-04:00,BUY,MEDIUM,4681.3,4666.48,4691.18,SL,4666.48,-1.0
2026-05-11 01:45:00-04:00,SELL,HIGH,4659.6,4675.65,4648.9,SL,4675.65,-1.0
2026-05-11 02:15:00-04:00,BUY,MEDIUM,4675.6,4659.17,4686.55,TP1,4686.55,0.667
2026-05-11 03:15:00-04:00,BUY,HIGH,4684.1,4669.07,4694.12,SL,4669.07,-1.0
2026-05-11 04:15:00-04:00,BUY,HIGH,4679.6,4665.31,4689.13,SL,4665.31,-1.0
2026-05-11 05:15:00-04:00,SELL,HIGH,4666.0,4679.25,4657.17,SL,4679.25,-1.0
2026-05-11 06:00:00-04:00,BUY,MEDIUM,4670.8,4657.28,4679.81,TP1,4679.81,0.667
2026-05-11 07:00:00-04:00,BUY,HIGH,4677.7,4665.01,4686.16,TP1,4686.16,0.667
2026-05-11 08:00:00-04:00,BUY,HIGH,4676.7,4664.7,4684.7,TP1,4684.7,0.667
2026-05-11 09:00:00-04:00,BUY,MEDIUM,4730.0,4713.72,4740.86,TP1,4740.86,0.667
2026-05-11 10:00:00-04:00,BUY,HIGH,4740.4,4721.66,4752.9,SL,4721.66,-1.0
2026-05-11 11:00:00-04:00,BUY,HIGH,4738.0,4719.42,4750.39,SL,4719.42,-1.0
2026-05-11 12:00:00-04:00,BUY,HIGH,4737.6,4720.64,4748.91,SL,4720.64,-1.0
2026-05-11 13:00:00-04:00,BUY,HIGH,4727.9,4711.82,4738.62,TP1,4738.62,0.667
2026-05-11 14:00:00-04:00,BUY,HIGH,4732.7,4718.94,4741.88,TP1,4741.88,0.667
2026-05-11 15:00:00-04:00,BUY,HIGH,4734.0,4721.83,4742.11,TP1,4742.11,0.667
2026-05-11 16:00:00-04:00,BUY,HIGH,4744.8,4733.04,4752.64,TP1,4752.64,0.667
2026-05-11 18:00:00-04:00,BUY,HIGH,4748.5,4737.8,4755.64,TP1,4755.64,0.667
2026-05-11 19:00:00-04:00,BUY,HIGH,4760.9,4749.66,4768.39,TP1,4768.39,0.667
2026-05-11 20:00:00-04:00,BUY,HIGH,4776.6,4764.27,4784.82,SL,4764.27,-1.0
2026-05-11 21:00:00-04:00,BUY,HIGH,4756.0,4741.59,4765.6,SL,4741.59,-1.0
2026-05-11 22:00:00-04:00,BUY,HIGH,4740.7,4724.98,4751.18,SL,4724.98,-1.0
2026-05-11 23:00:00-04:00,BUY,HIGH,4740.5,4725.98,4750.18,SL,4725.98,-1.0
2026-05-12 00:00:00-04:00,BUY,MEDIUM,4730.9,4717.93,4739.55,TP1,4739.55,0.667
2026-05-12 01:00:00-04:00,BUY,MEDIUM,4721.3,4707.91,4730.23,TP1,4730.23,0.667
2026-05-12 02:00:00-04:00,SELL,HIGH,4713.4,4726.9,4704.4,TP1,4704.4,0.667
2026-05-12 03:00:00-04:00,SELL,HIGH,4704.1,4718.65,4694.4,TP1,4694.4,0.667
2026-05-12 03:15:00-04:00,BUY,MEDIUM,4705.8,4691.69,4715.21,TP1,4715.21,0.667
2026-05-12 04:15:00-04:00,BUY,MEDIUM,4710.7,4697.46,4719.53,SL,4697.46,-1.0
2026-05-12 05:15:00-04:00,SELL,HIGH,4707.3,4719.5,4699.16,TP1,4699.16,0.667
2026-05-12 05:30:00-04:00,BUY,MEDIUM,4703.4,4690.88,4711.75,TP1,4711.75,0.667
2026-05-12 06:30:00-04:00,SELL,HIGH,4698.6,4711.73,4689.85,SL,4711.73,-1.0
2026-05-12 07:15:00-04:00,BUY,MEDIUM,4707.8,4694.77,4716.49,TP1,4716.49,0.667
2026-05-12 08:15:00-04:00,BUY,HIGH,4704.7,4691.26,4713.66,TP1,4713.66,0.667
2026-05-12 09:15:00-04:00,BUY,MEDIUM,4698.4,4681.77,4709.49,TP1,4709.49,0.667
2026-05-12 09:45:00-04:00,SELL,HIGH,4687.0,4705.83,4674.45,TP1,4674.45,0.667
2026-05-12 10:45:00-04:00,SELL,HIGH,4680.0,4700.33,4666.44,TP1,4666.44,0.667
2026-05-12 11:45:00-04:00,BUY,MEDIUM,4673.1,4652.24,4687.01,TP1,4687.01,0.667
2026-05-12 12:45:00-04:00,BUY,MEDIUM,4678.1,4659.49,4690.51,TP1,4690.51,0.667
2026-05-12 13:45:00-04:00,BUY,HIGH,4685.7,4669.76,4696.33,TP1,4696.33,0.667
2026-05-12 14:45:00-04:00,BUY,HIGH,4703.0,4687.68,4713.21,TP1,4713.21,0.667
2026-05-12 15:45:00-04:00,BUY,HIGH,4723.2,4709.22,4732.52,TP1,4732.52,0.667
2026-05-12 16:45:00-04:00,BUY,HIGH,4722.6,4710.59,4730.61,TP1,4730.61,0.667
2026-05-12 18:00:00-04:00,BUY,HIGH,4722.0,4709.86,4730.09,TP1,4730.09,0.667
2026-05-12 19:00:00-04:00,BUY,HIGH,4725.0,4713.63,4732.58,TP1,4732.58,0.667
2026-05-12 20:00:00-04:00,BUY,HIGH,4728.3,4716.66,4736.06,SL,4716.66,-1.0
2026-05-12 21:00:00-04:00,BUY,HIGH,4717.6,4705.76,4725.49,SL,4705.76,-1.0
2026-05-12 22:00:00-04:00,BUY,HIGH,4709.9,4697.77,4717.98,SL,4697.77,-1.0
2026-05-12 22:30:00-04:00,SELL,HIGH,4702.6,4714.42,4694.72,SL,4714.42,-1.0
2026-05-12 23:15:00-04:00,BUY,MEDIUM,4708.7,4696.79,4716.64,TP1,4716.64,0.667
2026-05-13 00:15:00-04:00,BUY,HIGH,4709.4,4697.99,4717.0,TP1,4717.0,0.667
2026-05-13 01:15:00-04:00,BUY,MEDIUM,4706.0,4694.95,4713.37,TP1,4713.37,0.667
2026-05-13 01:30:00-04:00,SELL,HIGH,4704.5,4715.76,4697.0,SL,4715.76,-1.0
2026-05-13 01:45:00-04:00,BUY,MEDIUM,4711.4,4699.89,4719.07,TP1,4719.07,0.667
2026-05-13 02:45:00-04:00,BUY,HIGH,4709.8,4697.56,4717.96,SL,4697.56,-1.0
2026-05-13 03:45:00-04:00,BUY,HIGH,4710.4,4699.02,4717.98,SL,4699.02,-1.0
2026-05-13 04:15:00-04:00,SELL,HIGH,4704.5,4715.58,4697.11,TP1,4697.11,0.667
2026-05-13 05:00:00-04:00,BUY,MEDIUM,4701.9,4690.79,4709.3,TP1,4709.3,0.667
2026-05-13 05:15:00-04:00,SELL,HIGH,4695.9,4707.32,4688.29,SL,4707.32,-1.0
2026-05-13 05:45:00-04:00,BUY,MEDIUM,4709.0,4697.37,4716.75,TP1,4716.75,0.667
2026-05-13 06:45:00-04:00,SELL,HIGH,4701.6,4712.9,4694.06,SL,4712.9,-1.0
2026-05-13 07:15:00-04:00,BUY,HIGH,4706.2,4695.1,4713.6,TP1,4713.6,0.667
2026-05-13 08:15:00-04:00,SELL,HIGH,4692.1,4703.87,4684.25,TP1,4684.25,0.667
2026-05-13 09:15:00-04:00,BUY,MEDIUM,4695.9,4683.55,4704.14,SL,4683.55,-1.0
2026-05-13 09:45:00-04:00,SELL,HIGH,4686.2,4700.17,4676.88,SL,4700.17,-1.0
2026-05-13 10:30:00-04:00,BUY,MEDIUM,4691.1,4676.8,4700.63,TP1,4700.63,0.667
2026-05-13 11:30:00-04:00,BUY,HIGH,4707.4,4692.75,4717.16,TP1,4717.16,0.667
2026-05-13 12:30:00-04:00,BUY,HIGH,4707.9,4693.86,4717.26,SL,4693.86,-1.0
2026-05-13 13:30:00-04:00,BUY,HIGH,4699.5,4686.59,4708.1,SL,4686.59,-1.0
2026-05-13 14:30:00-04:00,BUY,MEDIUM,4694.1,4681.56,4702.46,TP1,4702.46,0.667
2026-05-13 15:30:00-04:00,BUY,MEDIUM,4696.4,4684.74,4704.17,TP1,4704.17,0.667
2026-05-13 16:30:00-04:00,BUY,HIGH,4698.7,4688.31,4705.63,TP1,4705.63,0.667
2026-05-13 18:00:00-04:00,BUY,HIGH,4697.8,4687.92,4704.38,TP1,4704.38,0.667
2026-05-13 19:00:00-04:00,BUY,HIGH,4708.2,4699.06,4714.3,SL,4699.06,-1.0
2026-05-13 20:00:00-04:00,BUY,HIGH,4704.3,4695.28,4710.31,TP1,4710.31,0.667
2026-05-13 21:00:00-04:00,BUY,HIGH,4696.6,4684.96,4704.36,TP1,4704.36,0.667
2026-05-13 22:00:00-04:00,BUY,MEDIUM,4694.8,4682.48,4703.01,TP1,4703.01,0.667
2026-05-13 22:45:00-04:00,SELL,HIGH,4692.7,4705.76,4683.99,TP1,4683.99,0.667
2026-05-13 23:45:00-04:00,SELL,HIGH,4680.8,4694.45,4671.7,SL,4694.45,-1.0
2026-05-14 00:15:00-04:00,BUY,MEDIUM,4708.5,4692.43,4719.22,TP1,4719.22,0.667
2026-05-14 01:15:00-04:00,BUY,HIGH,4700.8,4686.13,4710.58,TP1,4710.58,0.667
2026-05-14 02:15:00-04:00,BUY,HIGH,4698.1,4683.57,4707.79,TP1,4707.79,0.667
2026-05-14 03:15:00-04:00,BUY,HIGH,4711.9,4697.58,4721.45,TP1,4721.45,0.667
2026-05-14 04:15:00-04:00,BUY,HIGH,4710.5,4694.95,4720.86,SL,4694.95,-1.0
2026-05-14 05:15:00-04:00,BUY,HIGH,4697.3,4682.91,4706.89,TP1,4706.89,0.667
2026-05-14 06:15:00-04:00,BUY,HIGH,4704.1,4690.53,4713.14,TP1,4713.14,0.667
2026-05-14 07:15:00-04:00,BUY,HIGH,4698.2,4685.5,4706.67,TP1,4706.67,0.667
2026-05-14 08:15:00-04:00,BUY,HIGH,4709.1,4695.94,4717.88,SL,4695.94,-1.0
2026-05-14 09:15:00-04:00,BUY,HIGH,4694.5,4679.58,4704.44,SL,4679.58,-1.0
2026-05-14 09:30:00-04:00,SELL,HIGH,4682.3,4698.8,4671.3,SL,4698.8,-1.0
2026-05-14 10:15:00-04:00,BUY,MEDIUM,4697.7,4680.18,4709.38,SL,4680.18,-1.0
2026-05-14 11:00:00-04:00,SELL,HIGH,4690.7,4707.48,4679.51,TP1,4679.51,0.667
2026-05-14 11:15:00-04:00,BUY,MEDIUM,4692.0,4675.82,4702.79,SL,4675.82,-1.0
2026-05-14 12:00:00-04:00,SELL,HIGH,4685.1,4700.85,4674.6,TP1,4674.6,0.667
2026-05-14 13:00:00-04:00,BUY,MEDIUM,4684.9,4670.63,4694.41,SL,4670.63,-1.0
2026-05-14 14:00:00-04:00,SELL,HIGH,4680.5,4693.58,4671.78,TP1,4671.78,0.667
2026-05-14 15:00:00-04:00,SELL,HIGH,4673.2,4684.89,4665.41,TP1,4665.41,0.667
2026-05-14 16:00:00-04:00,SELL,HIGH,4655.3,4667.08,4647.45,SL,4667.08,-1.0
2026-05-14 18:00:00-04:00,SELL,HIGH,4659.3,4670.82,4651.62,TP1,4651.62,0.667
2026-05-14 18:15:00-04:00,BUY,MEDIUM,4662.9,4651.73,4670.34,SL,4651.73,-1.0
2026-05-14 19:15:00-04:00,BUY,HIGH,4668.4,4658.02,4675.32,SL,4658.02,-1.0
2026-05-14 19:45:00-04:00,SELL,HIGH,4656.7,4668.57,4648.79,TP1,4648.79,0.667
2026-05-14 20:45:00-04:00,SELL,HIGH,4635.1,4651.31,4624.29,TP1,4624.29,0.667
2026-05-14 21:45:00-04:00,SELL,HIGH,4617.9,4637.16,4605.06,TP1,4605.06,0.667
2026-05-14 22:45:00-04:00,SELL,HIGH,4621.9,4639.82,4609.95,TP1,4609.95,0.667
2026-05-14 23:45:00-04:00,SELL,HIGH,4619.8,4636.55,4608.63,TP1,4608.63,0.667
2026-05-15 00:00:00-04:00,BUY,MEDIUM,4623.9,4607.38,4634.91,SL,4607.38,-1.0
2026-05-15 00:15:00-04:00,SELL,HIGH,4614.9,4631.64,4603.74,TP1,4603.74,0.667
2026-05-15 01:15:00-04:00,SELL,HIGH,4592.8,4610.24,4581.18,TP1,4581.18,0.667
2026-05-15 02:15:00-04:00,SELL,HIGH,4579.2,4598.59,4566.28,TP1,4566.28,0.667
2026-05-15 03:15:00-04:00,BUY,MEDIUM,4586.9,4567.16,4600.06,SL,4567.16,-1.0
2026-05-15 03:30:00-04:00,SELL,HIGH,4582.8,4601.97,4570.02,TP1,4570.02,0.667
2026-05-15 04:30:00-04:00,SELL,HIGH,4567.0,4586.41,4554.06,TP1,4554.06,0.667
2026-05-15 05:30:00-04:00,SELL,HIGH,4547.8,4567.95,4534.37,SL,4567.95,-1.0
2026-05-15 06:30:00-04:00,BUY,MEDIUM,4559.0,4538.99,4572.34,TP1,4572.34,0.667
2026-05-15 07:30:00-04:00,SELL,HIGH,4556.1,4575.74,4543.01,TP1,4543.01,0.667
2026-05-15 08:30:00-04:00,SELL,HIGH,4549.9,4569.06,4537.13,TP1,4537.13,0.667
2026-05-15 09:30:00-04:00,SELL,MEDIUM,4523.9,4545.65,4509.4,SL,4545.65,-1.0
2026-05-15 10:15:00-04:00,BUY,HIGH,4559.7,4534.4,4576.57,SL,4534.4,-1.0
2026-05-15 11:15:00-04:00,BUY,MEDIUM,4551.1,4527.02,4567.15,TP1,4567.15,0.667
2026-05-15 11:30:00-04:00,SELL,HIGH,4545.6,4569.14,4529.91,TP1,4529.91,0.667
2026-05-15 12:30:00-04:00,BUY,MEDIUM,4551.5,4529.95,4565.87,TP1,4565.87,0.667
2026-05-15 13:30:00-04:00,BUY,HIGH,4565.1,4545.45,4578.2,SL,4545.45,-1.0
2026-05-15 14:30:00-04:00,BUY,HIGH,4561.8,4544.46,4573.36,SL,4544.46,-1.0
2026-05-15 15:30:00-04:00,BUY,HIGH,4557.7,4542.29,4567.97,SL,4542.29,-1.0
2026-05-15 16:00:00-04:00,SELL,HIGH,4542.5,4557.85,4532.26,SL,4557.85,-1.0
2026-05-17 18:00:00-04:00,BUY,MEDIUM,4551.9,4536.17,4562.39,SL,4536.17,-1.0
2026-05-17 19:00:00-04:00,BUY,MEDIUM,4545.3,4529.4,4555.9,SL,4529.4,-1.0
2026-05-17 19:15:00-04:00,SELL,HIGH,4541.4,4556.89,4531.07,TP1,4531.07,0.667
2026-05-17 20:15:00-04:00,SELL,HIGH,4519.0,4536.53,4507.31,TP1,4507.31,0.667
2026-05-17 21:15:00-04:00,SELL,HIGH,4507.5,4531.77,4491.32,SL,4531.77,-1.0
2026-05-17 22:00:00-04:00,BUY,MEDIUM,4539.7,4514.7,4556.36,TP1,4556.36,0.667
2026-05-17 23:00:00-04:00,BUY,HIGH,4532.5,4509.83,4547.61,TP1,4547.61,0.667
2026-05-18 00:00:00-04:00,BUY,HIGH,4548.2,4526.59,4562.6,TP1,4562.6,0.667
2026-05-18 01:00:00-04:00,BUY,HIGH,4541.6,4520.76,4555.5,TP1,4555.5,0.667
2026-05-18 02:00:00-04:00,BUY,HIGH,4541.3,4520.71,4555.03,TP1,4555.03,0.667
2026-05-18 03:00:00-04:00,BUY,HIGH,4546.6,4527.25,4559.5,TP1,4559.5,0.667
2026-05-18 04:00:00-04:00,BUY,HIGH,4550.3,4531.68,4562.71,TP1,4562.71,0.667
2026-05-18 05:00:00-04:00,BUY,HIGH,4550.3,4532.98,4561.85,TP1,4561.85,0.667
2026-05-18 06:00:00-04:00,BUY,HIGH,4542.9,4527.6,4553.1,TP1,4553.1,0.667
2026-05-18 07:00:00-04:00,BUY,HIGH,4543.0,4527.76,4553.16,TP1,4553.16,0.667
2026-05-18 07:15:00-04:00,SELL,HIGH,4539.6,4554.63,4529.58,SL,4554.63,-1.0
2026-05-18 07:30:00-04:00,BUY,HIGH,4566.5,4549.04,4578.14,SL,4549.04,-1.0
2026-05-18 08:30:00-04:00,BUY,HIGH,4573.6,4555.2,4585.87,TP1,4585.87,0.667
2026-05-18 09:30:00-04:00,BUY,HIGH,4570.5,4551.36,4583.26,TP1,4583.26,0.667
2026-05-18 10:30:00-04:00,BUY,HIGH,4552.0,4530.22,4566.52,TP1,4566.52,0.667
2026-05-18 11:00:00-04:00,SELL,HIGH,4544.7,4566.28,4530.32,SL,4566.28,-1.0
2026-05-18 11:45:00-04:00,BUY,MEDIUM,4547.7,4527.63,4561.08,TP1,4561.08,0.667
2026-05-18 12:45:00-04:00,BUY,MEDIUM,4554.4,4534.8,4567.47,TP1,4567.47,0.667
2026-05-18 13:45:00-04:00,SELL,HIGH,4551.4,4568.42,4540.06,TP1,4540.06,0.667
2026-05-18 14:45:00-04:00,SELL,HIGH,4539.8,4555.17,4529.55,SL,4555.17,-1.0
2026-05-18 15:15:00-04:00,BUY,MEDIUM,4556.0,4538.74,4567.51,TP1,4567.51,0.667
2026-05-18 16:15:00-04:00,BUY,HIGH,4567.3,4551.97,4577.52,TP1,4577.52,0.667
2026-05-18 18:00:00-04:00,BUY,HIGH,4576.8,4562.98,4586.01,TP1,4586.01,0.667
2026-05-18 19:00:00-04:00,BUY,HIGH,4589.6,4576.6,4598.27,SL,4576.6,-1.0
2026-05-18 20:00:00-04:00,BUY,HIGH,4582.4,4569.59,4590.94,SL,4569.59,-1.0
2026-05-18 21:00:00-04:00,BUY,MEDIUM,4568.3,4554.22,4577.68,SL,4554.22,-1.0
2026-05-18 22:00:00-04:00,BUY,HIGH,4557.6,4542.12,4567.92,SL,4542.12,-1.0
2026-05-18 22:45:00-04:00,SELL,HIGH,4550.3,4565.92,4539.89,TP1,4539.89,0.667
2026-05-18 23:00:00-04:00,BUY,MEDIUM,4554.9,4539.34,4565.28,SL,4539.34,-1.0
2026-05-18 23:30:00-04:00,SELL,HIGH,4551.0,4565.94,4541.04,TP1,4541.04,0.667
2026-05-19 00:30:00-04:00,SELL,HIGH,4542.4,4555.77,4533.48,SL,4555.77,-1.0
2026-05-19 01:30:00-04:00,SELL,HIGH,4541.7,4555.33,4532.62,SL,4555.33,-1.0
2026-05-19 02:15:00-04:00,BUY,MEDIUM,4551.0,4536.45,4560.7,TP1,4560.7,0.667
2026-05-19 03:15:00-04:00,BUY,MEDIUM,4551.5,4537.19,4561.04,TP1,4561.04,0.667
2026-05-19 03:30:00-04:00,SELL,HIGH,4545.5,4559.6,4536.1,SL,4559.6,-1.0
2026-05-19 04:00:00-04:00,BUY,MEDIUM,4550.0,4534.33,4560.45,SL,4534.33,-1.0
2026-05-19 04:30:00-04:00,SELL,HIGH,4546.4,4561.98,4536.01,TP1,4536.01,0.667
2026-05-19 05:30:00-04:00,SELL,HIGH,4542.7,4557.56,4532.79,TP1,4532.79,0.667
2026-05-19 06:15:00-04:00,BUY,MEDIUM,4543.2,4529.49,4552.34,SL,4529.49,-1.0
2026-05-19 06:30:00-04:00,SELL,HIGH,4532.7,4547.36,4522.93,SL,4547.36,-1.0
2026-05-19 07:15:00-04:00,BUY,MEDIUM,4542.7,4527.46,4552.86,SL,4527.46,-1.0
2026-05-19 07:45:00-04:00,SELL,HIGH,4534.0,4549.13,4523.91,SL,4549.13,-1.0
2026-05-19 08:15:00-04:00,BUY,MEDIUM,4546.7,4530.82,4557.29,SL,4530.82,-1.0
2026-05-19 09:00:00-04:00,SELL,HIGH,4527.3,4544.32,4515.95,TP1,4515.95,0.667
2026-05-19 10:00:00-04:00,SELL,HIGH,4495.7,4520.52,4479.16,TP1,4479.16,0.667
2026-05-19 11:00:00-04:00,SELL,HIGH,4502.6,4525.69,4487.2,TP1,4487.2,0.667
2026-05-19 11:45:00-04:00,BUY,MEDIUM,4511.7,4490.21,4526.02,SL,4490.21,-1.0
2026-05-19 12:45:00-04:00,BUY,MEDIUM,4511.2,4491.52,4524.32,SL,4491.52,-1.0
2026-05-19 13:30:00-04:00,SELL,HIGH,4507.9,4525.54,4496.14,TP1,4496.14,0.667
2026-05-19 14:30:00-04:00,SELL,HIGH,4502.1,4517.58,4491.78,TP1,4491.78,0.667
2026-05-19 15:30:00-04:00,SELL,HIGH,4491.6,4505.96,4482.02,TP1,4482.02,0.667
2026-05-19 16:30:00-04:00,SELL,HIGH,4486.6,4499.49,4478.0,SL,4499.49,-1.0
2026-05-19 18:00:00-04:00,SELL,HIGH,4485.9,4498.0,4477.83,SL,4498.0,-1.0
2026-05-19 19:00:00-04:00,BUY,MEDIUM,4489.2,4477.69,4496.88,TP1,4496.88,0.667
2026-05-19 20:00:00-04:00,BUY,HIGH,4492.4,4480.39,4500.41,TP1,4500.41,0.667
2026-05-19 21:00:00-04:00,BUY,MEDIUM,4495.1,4480.55,4504.8,SL,4480.55,-1.0
2026-05-19 21:15:00-04:00,SELL,HIGH,4476.0,4492.05,4465.3,TP1,4465.3,0.667
2026-05-19 22:15:00-04:00,SELL,HIGH,4483.8,4502.18,4471.54,TP1,4471.54,0.667
2026-05-19 23:15:00-04:00,SELL,HIGH,4463.1,4481.57,4450.79,SL,4481.57,-1.0
2026-05-20 00:15:00-04:00,SELL,HIGH,4467.1,4483.83,4455.95,SL,4483.83,-1.0
2026-05-20 01:00:00-04:00,BUY,MEDIUM,4471.6,4455.75,4482.16,TP1,4482.16,0.667
2026-05-20 02:00:00-04:00,BUY,HIGH,4474.0,4458.13,4484.58,TP1,4484.58,0.667
2026-05-20 03:00:00-04:00,BUY,HIGH,4483.9,4467.39,4494.91,TP1,4494.91,0.667
2026-05-20 04:00:00-04:00,BUY,HIGH,4484.8,4469.46,4495.03,TP1,4495.03,0.667
2026-05-20 05:00:00-04:00,BUY,HIGH,4482.6,4467.45,4492.7,TP1,4492.7,0.667
2026-05-20 06:00:00-04:00,BUY,HIGH,4490.9,4475.76,4500.99,TP1,4500.99,0.667
2026-05-20 07:00:00-04:00,BUY,HIGH,4495.4,4481.84,4504.44,TP1,4504.44,0.667
2026-05-20 08:00:00-04:00,BUY,HIGH,4498.7,4485.69,4507.37,TP1,4507.37,0.667
2026-05-20 09:00:00-04:00,BUY,HIGH,4507.9,4494.64,4516.74,SL,4494.64,-1.0
2026-05-20 10:00:00-04:00,BUY,HIGH,4479.5,4464.18,4489.71,TP1,4489.71,0.667
2026-05-20 11:00:00-04:00,BUY,HIGH,4527.8,4507.87,4541.09,TP1,4541.09,0.667
2026-05-20 12:00:00-04:00,BUY,HIGH,4537.0,4516.61,4550.59,TP1,4550.59,0.667
2026-05-20 13:00:00-04:00,BUY,HIGH,4537.8,4519.52,4549.98,TP1,4549.98,0.667
2026-05-20 14:00:00-04:00,BUY,HIGH,4536.4,4520.58,4546.95,TP1,4546.95,0.667
2026-05-20 15:00:00-04:00,BUY,HIGH,4546.8,4532.65,4556.24,TP1,4556.24,0.667
2026-05-20 16:00:00-04:00,BUY,HIGH,4549.2,4536.98,4557.35,SL,4536.98,-1.0
2026-05-20 18:00:00-04:00,BUY,HIGH,4541.2,4529.9,4548.74,TP1,4548.74,0.667
2026-05-20 19:00:00-04:00,BUY,HIGH,4541.2,4530.6,4548.26,TP1,4548.26,0.667
2026-05-20 20:00:00-04:00,BUY,HIGH,4546.2,4535.71,4553.2,TP1,4553.2,0.667
2026-05-20 21:00:00-04:00,BUY,HIGH,4562.1,4549.52,4570.49,TP1,4570.49,0.667
2026-05-20 22:00:00-04:00,BUY,HIGH,4554.2,4540.61,4563.26,SL,4540.61,-1.0
2026-05-20 23:00:00-04:00,BUY,HIGH,4539.3,4525.84,4548.27,SL,4525.84,-1.0
2026-05-21 00:00:00-04:00,BUY,HIGH,4537.5,4524.59,4546.1,SL,4524.59,-1.0
2026-05-21 01:00:00-04:00,BUY,HIGH,4532.4,4520.2,4540.53,SL,4520.2,-1.0
2026-05-21 02:00:00-04:00,BUY,HIGH,4532.7,4519.8,4541.3,SL,4519.8,-1.0
2026-05-21 03:00:00-04:00,BUY,MEDIUM,4522.2,4508.98,4531.02,TP1,4531.02,0.667
2026-05-21 04:00:00-04:00,BUY,HIGH,4535.3,4521.14,4544.74,SL,4521.14,-1.0
2026-05-21 05:00:00-04:00,BUY,HIGH,4539.0,4525.33,4548.11,SL,4525.33,-1.0
2026-05-21 06:00:00-04:00,BUY,HIGH,4533.5,4520.21,4542.36,SL,4520.21,-1.0
2026-05-21 07:00:00-04:00,BUY,MEDIUM,4517.1,4502.11,4527.09,SL,4502.11,-1.0
2026-05-21 08:00:00-04:00,BUY,MEDIUM,4515.5,4501.62,4524.75,SL,4501.62,-1.0
2026-05-21 09:00:00-04:00,BUY,MEDIUM,4502.8,4486.95,4513.37,TP1,4513.37,0.667
2026-05-21 09:15:00-04:00,SELL,HIGH,4502.0,4517.85,4491.43,TP1,4491.43,0.667
2026-05-21 10:00:00-04:00,BUY,MEDIUM,4509.5,4491.4,4521.57,TP1,4521.57,0.667
2026-05-21 11:00:00-04:00,BUY,HIGH,4511.3,4493.11,4523.43,TP1,4523.43,0.667
2026-05-21 12:00:00-04:00,BUY,HIGH,4518.6,4501.96,4529.69,TP1,4529.69,0.667
2026-05-21 13:00:00-04:00,BUY,HIGH,4527.7,4512.24,4538.01,TP1,4538.01,0.667
2026-05-21 14:00:00-04:00,BUY,HIGH,4547.2,4530.08,4558.61,SL,4530.08,-1.0
2026-05-21 15:00:00-04:00,BUY,HIGH,4538.8,4522.14,4549.91,SL,4522.14,-1.0
2026-05-21 16:00:00-04:00,BUY,HIGH,4543.3,4528.72,4553.02,SL,4528.72,-1.0
2026-05-21 18:00:00-04:00,BUY,HIGH,4543.0,4530.67,4551.22,SL,4530.67,-1.0
2026-05-21 19:00:00-04:00,BUY,HIGH,4544.2,4533.88,4551.08,SL,4533.88,-1.0
2026-05-21 20:00:00-04:00,BUY,HIGH,4532.0,4521.67,4538.88,TP1,4538.88,0.667
2026-05-21 21:00:00-04:00,BUY,HIGH,4530.9,4519.42,4538.55,SL,4519.42,-1.0
2026-05-21 22:00:00-04:00,BUY,HIGH,4528.8,4517.19,4536.54,SL,4517.19,-1.0
2026-05-21 23:00:00-04:00,BUY,HIGH,4521.4,4510.37,4528.76,TP1,4528.76,0.667
2026-05-22 00:00:00-04:00,BUY,HIGH,4530.3,4520.59,4536.77,SL,4520.59,-1.0
2026-05-22 01:00:00-04:00,BUY,HIGH,4526.5,4517.17,4532.72,TP1,4532.72,0.667
2026-05-22 02:00:00-04:00,BUY,MEDIUM,4522.5,4510.06,4530.8,TP1,4530.8,0.667
2026-05-22 03:00:00-04:00,BUY,HIGH,4523.2,4511.4,4531.06,TP1,4531.06,0.667
2026-05-22 03:45:00-04:00,SELL,HIGH,4522.7,4534.25,4515.0,TP1,4515.0,0.667
2026-05-22 04:00:00-04:00,BUY,HIGH,4525.3,4513.7,4533.04,TP1,4533.04,0.667
2026-05-22 05:00:00-04:00,SELL,HIGH,4517.9,4529.5,4510.17,SL,4529.5,-1.0
2026-05-22 05:30:00-04:00,BUY,MEDIUM,4525.5,4513.69,4533.38,TP1,4533.38,0.667
2026-05-22 06:30:00-04:00,BUY,MEDIUM,4513.6,4500.8,4522.13,TP1,4522.13,0.667
2026-05-22 06:45:00-04:00,SELL,HIGH,4515.5,4527.91,4507.23,SL,4527.91,-1.0
2026-05-22 07:45:00-04:00,BUY,MEDIUM,4521.5,4509.8,4529.3,TP1,4529.3,0.667
2026-05-22 08:45:00-04:00,BUY,HIGH,4529.5,4516.09,4538.44,SL,4516.09,-1.0
2026-05-22 09:45:00-04:00,SELL,HIGH,4514.5,4529.25,4504.67,TP1,4504.67,0.667
2026-05-22 10:45:00-04:00,SELL,HIGH,4501.4,4517.55,4490.63,SL,4517.55,-1.0
2026-05-22 11:00:00-04:00,BUY,MEDIUM,4511.6,4495.34,4522.44,TP1,4522.44,0.667
2026-05-22 12:00:00-04:00,BUY,HIGH,4520.4,4505.97,4530.02,SL,4505.97,-1.0
2026-05-22 13:00:00-04:00,BUY,HIGH,4520.8,4506.61,4530.26,SL,4506.61,-1.0
2026-05-22 14:00:00-04:00,BUY,HIGH,4515.7,4502.01,4524.83,TP1,4524.83,0.667
2026-05-22 15:00:00-04:00,SELL,HIGH,4509.0,4521.6,4500.6,SL,4521.6,-1.0
2026-05-22 16:00:00-04:00,SELL,HIGH,4509.7,4520.83,4502.28,SL,4520.83,-1.0
2026-05-22 16:15:00-04:00,BUY,MEDIUM,4511.9,4501.18,4519.05,TP1,4519.05,0.667
2026-05-26 00:00:00-04:00,BUY,HIGH,4538.3,4525.19,4547.04,SL,4525.19,-1.0
2026-05-26 01:00:00-04:00,BUY,HIGH,4529.7,4517.11,4538.09,TP1,4538.09,0.667
2026-05-26 02:00:00-04:00,BUY,HIGH,4532.0,4520.5,4539.67,TP1,4539.67,0.667
2026-05-26 03:00:00-04:00,BUY,HIGH,4529.0,4517.83,4536.44,TP1,4536.44,0.667
2026-05-26 04:00:00-04:00,BUY,HIGH,4527.7,4515.09,4536.11,SL,4515.09,-1.0
2026-05-26 05:00:00-04:00,BUY,HIGH,4520.7,4508.5,4528.84,TP1,4528.84,0.667
2026-05-26 06:00:00-04:00,BUY,HIGH,4529.5,4515.98,4538.51,TP1,4538.51,0.667
2026-05-26 07:00:00-04:00,BUY,HIGH,4532.1,4519.41,4540.56,SL,4519.41,-1.0
2026-05-26 08:00:00-04:00,SELL,HIGH,4510.5,4524.84,4500.94,TP1,4500.94,0.667
2026-05-26 08:45:00-04:00,BUY,MEDIUM,4520.7,4505.43,4530.88,TP1,4530.88,0.667
2026-05-26 09:45:00-04:00,BUY,HIGH,4514.6,4498.5,4525.34,TP1,4525.34,0.667
2026-05-26 10:00:00-04:00,SELL,HIGH,4511.2,4527.55,4500.3,TP1,4500.3,0.667
2026-05-26 10:30:00-04:00,BUY,MEDIUM,4522.0,4506.05,4532.63,SL,4506.05,-1.0
2026-05-26 11:00:00-04:00,SELL,HIGH,4509.7,4525.24,4499.34,TP1,4499.34,0.667
2026-05-26 12:00:00-04:00,SELL,HIGH,4502.0,4516.22,4492.52,TP1,4492.52,0.667
2026-05-26 12:30:00-04:00,BUY,MEDIUM,4506.9,4493.08,4516.12,SL,4493.08,-1.0
2026-05-26 12:45:00-04:00,SELL,HIGH,4505.2,4518.58,4496.28,TP1,4496.28,0.667
2026-05-26 13:00:00-04:00,BUY,MEDIUM,4503.8,4490.9,4512.4,SL,4490.9,-1.0
2026-05-26 13:30:00-04:00,SELL,HIGH,4498.5,4511.23,4490.01,TP1,4490.01,0.667
2026-05-26 14:30:00-04:00,BUY,MEDIUM,4495.6,4482.34,4504.44,TP1,4504.44,0.667
2026-05-26 15:30:00-04:00,BUY,HIGH,4504.4,4492.74,4512.17,TP1,4512.17,0.667
2026-05-26 16:30:00-04:00,BUY,HIGH,4508.9,4498.39,4515.9,TP1,4515.9,0.667
2026-05-26 18:00:00-04:00,BUY,HIGH,4505.0,4494.62,4511.92,TP1,4511.92,0.667
2026-05-26 19:00:00-04:00,BUY,HIGH,4508.7,4497.68,4516.04,TP1,4516.04,0.667
2026-05-26 20:00:00-04:00,BUY,HIGH,4521.9,4509.81,4529.96,SL,4509.81,-1.0
2026-05-26 21:00:00-04:00,BUY,HIGH,4519.0,4507.35,4526.77,SL,4507.35,-1.0
2026-05-26 22:00:00-04:00,BUY,MEDIUM,4502.4,4491.42,4509.72,TP1,4509.72,0.667
2026-05-26 23:00:00-04:00,BUY,HIGH,4508.9,4498.19,4516.04,SL,4498.19,-1.0
2026-05-27 00:00:00-04:00,SELL,HIGH,4501.4,4511.81,4494.46,SL,4511.81,-1.0
2026-05-27 00:30:00-04:00,BUY,MEDIUM,4507.7,4497.25,4514.67,TP1,4514.67,0.667
2026-05-27 01:30:00-04:00,SELL,HIGH,4492.5,4503.64,4485.07,TP1,4485.07,0.667
2026-05-27 02:30:00-04:00,SELL,HIGH,4486.6,4498.34,4478.77,SL,4498.34,-1.0
2026-05-27 03:30:00-04:00,BUY,MEDIUM,4514.4,4499.72,4524.19,TP1,4524.19,0.667
2026-05-27 04:30:00-04:00,BUY,HIGH,4527.3,4512.94,4536.88,SL,4512.94,-1.0
2026-05-27 05:30:00-04:00,BUY,HIGH,4520.0,4506.79,4528.81,SL,4506.79,-1.0
2026-05-27 06:30:00-04:00,SELL,HIGH,4496.2,4509.82,4487.12,TP1,4487.12,0.667
2026-05-27 07:30:00-04:00,SELL,HIGH,4473.4,4489.24,4462.84,TP1,4462.84,0.667
2026-05-27 08:30:00-04:00,SELL,HIGH,4477.3,4497.25,4464.0,TP1,4464.0,0.667
2026-05-27 09:30:00-04:00,SELL,HIGH,4450.0,4472.96,4434.7,SL,4472.96,-1.0
2026-05-27 10:15:00-04:00,BUY,MEDIUM,4476.9,4452.36,4493.26,TP1,4493.26,0.667
2026-05-27 11:15:00-04:00,SELL,HIGH,4467.6,4490.01,4452.66,SL,4490.01,-1.0
2026-05-27 12:00:00-04:00,BUY,MEDIUM,4471.7,4451.36,4485.26,TP1,4485.26,0.667
2026-05-27 13:00:00-04:00,BUY,HIGH,4475.4,4457.22,4487.52,TP1,4487.52,0.667
2026-05-27 14:00:00-04:00,BUY,HIGH,4481.4,4465.85,4491.77,TP1,4491.77,0.667
2026-05-27 15:00:00-04:00,BUY,HIGH,4483.5,4469.93,4492.55,TP1,4492.55,0.667
2026-05-27 16:00:00-04:00,BUY,HIGH,4487.0,4474.99,4495.01,TP1,4495.01,0.667
2026-05-27 18:00:00-04:00,BUY,HIGH,4488.8,4476.95,4496.7,SL,4476.95,-1.0
2026-05-27 19:00:00-04:00,BUY,HIGH,4484.5,4473.52,4491.82,SL,4473.52,-1.0
2026-05-27 19:30:00-04:00,SELL,HIGH,4481.2,4491.8,4474.14,TP1,4474.14,0.667
2026-05-27 20:30:00-04:00,SELL,HIGH,4482.6,4494.01,4474.99,TP1,4474.99,0.667
2026-05-27 20:45:00-04:00,BUY,MEDIUM,4487.6,4476.21,4495.19,SL,4476.21,-1.0
2026-05-27 21:00:00-04:00,SELL,HIGH,4468.4,4481.3,4459.8,TP1,4459.8,0.667
2026-05-27 22:00:00-04:00,SELL,HIGH,4433.5,4449.2,4423.03,TP1,4423.03,0.667
2026-05-27 23:00:00-04:00,SELL,HIGH,4423.9,4439.13,4413.75,TP1,4413.75,0.667
2026-05-28 00:00:00-04:00,SELL,HIGH,4405.8,4422.33,4394.78,SL,4422.33,-1.0
2026-05-28 01:00:00-04:00,SELL,HIGH,4404.1,4419.76,4393.66,SL,4419.76,-1.0
2026-05-28 02:00:00-04:00,SELL,HIGH,4405.3,4421.98,4394.18,SL,4421.98,-1.0
2026-05-28 03:00:00-04:00,BUY,MEDIUM,4418.6,4403.01,4428.99,TP1,4428.99,0.667
2026-05-28 04:00:00-04:00,SELL,HIGH,4422.5,4437.55,4412.47,TP1,4412.47,0.667
2026-05-28 04:15:00-04:00,BUY,MEDIUM,4418.9,4404.14,4428.74,TP1,4428.74,0.667
2026-05-28 05:15:00-04:00,BUY,HIGH,4426.2,4412.3,4435.47,SL,4412.3,-1.0
2026-05-28 06:15:00-04:00,BUY,HIGH,4431.6,4417.9,4440.73,SL,4417.9,-1.0
2026-05-28 06:45:00-04:00,SELL,HIGH,4413.6,4428.34,4403.77,SL,4428.34,-1.0
2026-05-28 07:00:00-04:00,BUY,HIGH,4417.3,4402.81,4426.96,TP1,4426.96,0.667
2026-05-28 08:00:00-04:00,BUY,HIGH,4422.6,4409.03,4431.64,TP1,4431.64,0.667
2026-05-28 09:00:00-04:00,BUY,HIGH,4456.7,4438.82,4468.62,TP1,4468.62,0.667
2026-05-28 10:00:00-04:00,BUY,HIGH,4495.2,4473.49,4509.68,TP1,4509.68,0.667
2026-05-28 11:00:00-04:00,BUY,MEDIUM,4501.6,4478.6,4516.93,TP1,4516.93,0.667
2026-05-28 12:00:00-04:00,BUY,HIGH,4514.9,4494.46,4528.53,TP1,4528.53,0.667
2026-05-28 13:00:00-04:00,BUY,HIGH,4534.7,4515.08,4547.78,TP1,4547.78,0.667
2026-05-28 14:00:00-04:00,BUY,HIGH,4538.0,4520.77,4549.48,SL,4520.77,-1.0
2026-05-28 15:00:00-04:00,BUY,HIGH,4530.5,4515.42,4540.55,TP1,4540.55,0.667
2026-05-28 16:00:00-04:00,BUY,HIGH,4527.8,4515.3,4536.14,TP1,4536.14,0.667
2026-05-28 18:00:00-04:00,BUY,HIGH,4524.3,4513.02,4531.82,TP1,4531.82,0.667
2026-05-28 19:00:00-04:00,BUY,HIGH,4525.8,4515.74,4532.5,TP1,4532.5,0.667
2026-05-28 20:00:00-04:00,BUY,HIGH,4527.9,4517.96,4534.52,TP1,4534.52,0.667
2026-05-28 21:00:00-04:00,BUY,HIGH,4545.2,4533.69,4552.87,SL,4533.69,-1.0
2026-05-28 22:00:00-04:00,BUY,HIGH,4537.2,4525.32,4545.12,SL,4525.32,-1.0
2026-05-28 23:00:00-04:00,BUY,HIGH,4527.1,4515.3,4534.97,TP1,4534.97,0.667
2026-05-29 00:00:00-04:00,BUY,HIGH,4532.6,4521.99,4539.67,TP1,4539.67,0.667
2026-05-29 01:00:00-04:00,BUY,HIGH,4542.9,4532.54,4549.81,TP1,4549.81,0.667
2026-05-29 02:00:00-04:00,BUY,HIGH,4546.5,4535.16,4554.06,TP1,4554.06,0.667
2026-05-29 03:00:00-04:00,BUY,HIGH,4546.7,4534.67,4554.72,TP1,4554.72,0.667
2026-05-29 04:00:00-04:00,BUY,HIGH,4546.0,4533.63,4554.24,TP1,4554.24,0.667
2026-05-29 05:00:00-04:00,BUY,HIGH,4559.8,4547.12,4568.25,TP1,4568.25,0.667
2026-05-29 06:00:00-04:00,BUY,HIGH,4559.5,4546.71,4568.03,TP1,4568.03,0.667
2026-05-29 07:00:00-04:00,BUY,HIGH,4563.6,4550.83,4572.12,SL,4550.83,-1.0
2026-05-29 08:00:00-04:00,BUY,HIGH,4559.5,4546.37,4568.25,SL,4546.37,-1.0
2026-05-29 09:00:00-04:00,BUY,HIGH,4553.3,4539.33,4562.61,TP1,4562.61,0.667
2026-05-29 10:00:00-04:00,BUY,HIGH,4575.0,4559.57,4585.28,SL,4559.57,-1.0
2026-05-29 11:00:00-04:00,BUY,HIGH,4621.5,4599.75,4636.0,SL,4599.75,-1.0
2026-05-29 12:00:00-04:00,BUY,HIGH,4594.5,4572.21,4609.36,SL,4572.21,-1.0
2026-05-29 13:00:00-04:00,BUY,HIGH,4594.9,4575.09,4608.1,SL,4575.09,-1.0
2026-05-29 14:00:00-04:00,BUY,HIGH,4589.2,4571.76,4600.83,SL,4571.76,-1.0
2026-05-29 15:00:00-04:00,BUY,HIGH,4589.8,4574.42,4600.06,SL,4574.42,-1.0
2026-05-29 16:00:00-04:00,BUY,HIGH,4579.6,4565.73,4588.85,TP1,4588.85,0.667
2026-05-31 18:00:00-04:00,BUY,HIGH,4565.5,4547.63,4577.41,SL,4547.63,-1.0
2026-05-31 19:00:00-04:00,BUY,HIGH,4573.5,4557.75,4584.0,SL,4557.75,-1.0
2026-05-31 20:00:00-04:00,BUY,HIGH,4570.5,4556.06,4580.12,SL,4556.06,-1.0
2026-05-31 21:00:00-04:00,BUY,HIGH,4564.7,4550.13,4574.41,SL,4550.13,-1.0
2026-05-31 22:00:00-04:00,BUY,MEDIUM,4563.0,4548.72,4572.52,SL,4548.72,-1.0
2026-05-31 23:00:00-04:00,BUY,MEDIUM,4549.0,4535.58,4557.95,SL,4535.58,-1.0
2026-05-31 23:30:00-04:00,SELL,HIGH,4541.2,4555.17,4531.89,SL,4555.17,-1.0
2026-06-01 00:15:00-04:00,BUY,MEDIUM,4546.1,4533.28,4554.64,TP1,4554.64,0.667
2026-06-01 00:45:00-04:00,SELL,HIGH,4544.7,4557.01,4536.49,TP1,4536.49,0.667
2026-06-01 01:00:00-04:00,BUY,HIGH,4548.7,4536.64,4556.74,SL,4536.64,-1.0
2026-06-01 02:00:00-04:00,BUY,MEDIUM,4544.3,4532.45,4552.2,SL,4532.45,-1.0
2026-06-01 02:15:00-04:00,SELL,HIGH,4544.3,4556.54,4536.14,TP1,4536.14,0.667
2026-06-01 03:15:00-04:00,SELL,HIGH,4533.6,4545.95,4525.37,TP1,4525.37,0.667
2026-06-01 04:15:00-04:00,SELL,HIGH,4525.6,4538.53,4516.98,SL,4538.53,-1.0
2026-06-01 04:30:00-04:00,BUY,MEDIUM,4529.9,4517.06,4538.46,TP1,4538.46,0.667
2026-06-01 05:30:00-04:00,SELL,HIGH,4528.2,4540.75,4519.83,SL,4540.75,-1.0
2026-06-01 05:45:00-04:00,BUY,MEDIUM,4525.6,4513.44,4533.71,TP1,4533.71,0.667
2026-06-01 06:45:00-04:00,BUY,HIGH,4534.1,4522.2,4542.03,TP1,4542.03,0.667
2026-06-01 07:45:00-04:00,BUY,HIGH,4536.0,4524.69,4543.54,SL,4524.69,-1.0
2026-06-01 08:45:00-04:00,BUY,HIGH,4532.0,4519.76,4540.16,SL,4519.76,-1.0
2026-06-01 09:00:00-04:00,SELL,HIGH,4513.9,4528.68,4504.04,TP1,4504.04,0.667
2026-06-01 10:00:00-04:00,SELL,HIGH,4491.2,4510.41,4478.39,SL,4510.41,-1.0
2026-06-01 11:00:00-04:00,SELL,HIGH,4494.1,4512.48,4481.85,SL,4512.48,-1.0
2026-06-01 11:45:00-04:00,BUY,MEDIUM,4504.1,4486.76,4515.66,TP1,4515.66,0.667
2026-06-01 12:45:00-04:00,BUY,MEDIUM,4510.6,4493.69,4521.87,TP1,4521.87,0.667
2026-06-01 13:45:00-04:00,BUY,HIGH,4517.5,4501.08,4528.45,SL,4501.08,-1.0
2026-06-01 14:45:00-04:00,BUY,HIGH,4516.8,4503.31,4525.79,TP1,4525.79,0.667
2026-06-01 15:45:00-04:00,BUY,HIGH,4511.1,4499.71,4518.69,TP1,4518.69,0.667
2026-06-01 16:45:00-04:00,BUY,HIGH,4514.8,4504.99,4521.34,TP1,4521.34,0.667
2026-06-01 18:00:00-04:00,BUY,HIGH,4514.1,4504.29,4520.64,TP1,4520.64,0.667
2026-06-01 19:00:00-04:00,BUY,HIGH,4515.7,4506.44,4521.87,SL,4506.44,-1.0
2026-06-01 20:00:00-04:00,BUY,MEDIUM,4510.9,4501.47,4517.18,TP1,4517.18,0.667
2026-06-01 21:00:00-04:00,BUY,HIGH,4519.5,4507.37,4527.58,SL,4507.37,-1.0
2026-06-01 21:45:00-04:00,SELL,HIGH,4503.6,4517.49,4494.34,SL,4517.49,-1.0
2026-06-01 22:30:00-04:00,BUY,MEDIUM,4506.7,4492.96,4515.86,TP1,4515.86,0.667
2026-06-01 22:45:00-04:00,SELL,HIGH,4516.2,4530.34,4506.77,SL,4530.34,-1.0
2026-06-01 23:00:00-04:00,BUY,HIGH,4518.2,4504.33,4527.45,TP1,4527.45,0.667
2026-06-02 00:00:00-04:00,BUY,HIGH,4535.0,4521.75,4543.84,TP1,4543.84,0.667
2026-06-02 01:00:00-04:00,BUY,HIGH,4548.8,4536.47,4557.02,TP1,4557.02,0.667
2026-06-02 02:00:00-04:00,BUY,HIGH,4548.8,4536.43,4557.05,TP1,4557.05,0.667
2026-06-02 03:00:00-04:00,BUY,HIGH,4570.1,4557.55,4578.47,SL,4557.55,-1.0
2026-06-02 04:00:00-04:00,BUY,HIGH,4565.0,4553.23,4572.85,SL,4553.23,-1.0
2026-06-02 05:00:00-04:00,BUY,HIGH,4563.7,4552.56,4571.13,SL,4552.56,-1.0
2026-06-02 06:00:00-04:00,BUY,HIGH,4558.6,4547.78,4565.82,SL,4547.78,-1.0
2026-06-02 07:00:00-04:00,BUY,HIGH,4558.5,4548.59,4565.11,SL,4548.59,-1.0
2026-06-02 08:00:00-04:00,BUY,HIGH,4556.1,4547.02,4562.15,TP1,4562.15,0.667
2026-06-02 08:45:00-04:00,SELL,HIGH,4544.0,4554.8,4536.8,TP1,4536.8,0.667
2026-06-02 09:45:00-04:00,SELL,HIGH,4532.1,4544.0,4524.17,TP1,4524.17,0.667
2026-06-02 10:45:00-04:00,BUY,MEDIUM,4533.7,4520.87,4542.26,SL,4520.87,-1.0
2026-06-02 11:45:00-04:00,BUY,MEDIUM,4531.7,4519.65,4539.73,SL,4519.65,-1.0
2026-06-02 12:00:00-04:00,SELL,HIGH,4527.3,4539.08,4519.45,TP1,4519.45,0.667
2026-06-02 13:00:00-04:00,SELL,HIGH,4519.1,4530.14,4511.74,TP1,4511.74,0.667
2026-06-02 14:00:00-04:00,SELL,HIGH,4514.6,4525.01,4507.66,TP1,4507.66,0.667
2026-06-02 15:00:00-04:00,SELL,HIGH,4516.8,4527.37,4509.75,TP1,4509.75,0.667
2026-06-02 15:15:00-04:00,BUY,MEDIUM,4519.5,4509.22,4526.35,SL,4509.22,-1.0
2026-06-02 16:15:00-04:00,BUY,MEDIUM,4519.4,4510.18,4525.55,SL,4510.18,-1.0
2026-06-02 18:00:00-04:00,BUY,MEDIUM,4519.0,4510.52,4524.66,SL,4510.52,-1.0
2026-06-02 18:30:00-04:00,SELL,HIGH,4518.1,4526.26,4512.66,TP1,4512.66,0.667
2026-06-02 19:30:00-04:00,SELL,HIGH,4503.3,4514.36,4495.92,SL,4514.36,-1.0
2026-06-02 20:30:00-04:00,BUY,MEDIUM,4524.2,4512.34,4532.11,SL,4512.34,-1.0
2026-06-02 21:00:00-04:00,SELL,HIGH,4500.1,4513.59,4491.11,SL,4513.59,-1.0
2026-06-02 22:00:00-04:00,BUY,MEDIUM,4508.8,4495.52,4517.65,SL,4495.52,-1.0
2026-06-02 23:00:00-04:00,BUY,HIGH,4512.7,4499.76,4521.33,SL,4499.76,-1.0
2026-06-03 00:00:00-04:00,BUY,HIGH,4514.8,4503.88,4522.08,SL,4503.88,-1.0
2026-06-03 00:30:00-04:00,SELL,HIGH,4501.3,4512.51,4493.83,TP1,4493.83,0.667
2026-06-03 01:30:00-04:00,SELL,HIGH,4489.9,4501.14,4482.4,TP1,4482.4,0.667
2026-06-03 02:30:00-04:00,SELL,HIGH,4489.0,4501.35,4480.77,TP1,4480.77,0.667
2026-06-03 03:30:00-04:00,SELL,HIGH,4486.9,4500.26,4477.99,TP1,4477.99,0.667
2026-06-03 04:30:00-04:00,SELL,HIGH,4484.5,4497.37,4475.92,TP1,4475.92,0.667
2026-06-03 05:30:00-04:00,SELL,HIGH,4475.7,4490.8,4465.63,SL,4490.8,-1.0
2026-06-03 06:00:00-04:00,BUY,MEDIUM,4491.7,4475.14,4502.74,SL,4475.14,-1.0
2026-06-03 07:00:00-04:00,BUY,HIGH,4490.2,4474.39,4500.74,SL,4474.39,-1.0
2026-06-03 08:00:00-04:00,BUY,HIGH,4487.5,4473.03,4497.15,SL,4473.03,-1.0
2026-06-03 09:00:00-04:00,BUY,HIGH,4491.0,4476.11,4500.93,SL,4476.11,-1.0
2026-06-03 09:30:00-04:00,SELL,HIGH,4455.3,4472.85,4443.6,SL,4472.85,-1.0
2026-06-03 10:15:00-04:00,BUY,MEDIUM,4479.8,4460.6,4492.6,SL,4460.6,-1.0
2026-06-03 11:15:00-04:00,SELL,HIGH,4473.6,4492.22,4461.18,TP1,4461.18,0.667
2026-06-03 12:15:00-04:00,SELL,HIGH,4465.3,4482.03,4454.14,TP1,4454.14,0.667
2026-06-03 13:15:00-04:00,SELL,HIGH,4467.1,4481.98,4457.18,TP1,4457.18,0.667
2026-06-03 13:45:00-04:00,BUY,MEDIUM,4467.2,4453.3,4476.47,TP1,4476.47,0.667
2026-06-03 14:00:00-04:00,SELL,HIGH,4464.5,4477.96,4455.53,SL,4477.96,-1.0
2026-06-03 14:30:00-04:00,BUY,HIGH,4468.2,4455.28,4476.82,TP1,4476.82,0.667
2026-06-03 15:30:00-04:00,BUY,HIGH,4475.1,4463.61,4482.76,SL,4463.61,-1.0
2026-06-03 16:30:00-04:00,SELL,HIGH,4461.5,4472.21,4454.36,TP1,4454.36,0.667
2026-06-03 18:00:00-04:00,SELL,HIGH,4458.1,4468.98,4450.85,TP1,4450.85,0.667
2026-06-03 18:30:00-04:00,BUY,MEDIUM,4463.1,4451.86,4470.59,TP1,4470.59,0.667
2026-06-03 19:30:00-04:00,BUY,HIGH,4480.6,4469.05,4488.3,TP1,4488.3,0.667
2026-06-03 20:30:00-04:00,BUY,HIGH,4475.1,4462.61,4483.43,TP1,4483.43,0.667
2026-06-03 21:30:00-04:00,BUY,HIGH,4486.0,4471.12,4495.92,TP1,4495.92,0.667
2026-06-03 22:30:00-04:00,BUY,HIGH,4488.8,4474.55,4498.3,TP1,4498.3,0.667
2026-06-03 23:30:00-04:00,BUY,HIGH,4487.6,4473.3,4497.13,TP1,4497.13,0.667
2026-06-04 00:30:00-04:00,BUY,HIGH,4509.8,4496.12,4518.92,SL,4496.12,-1.0
2026-06-04 01:30:00-04:00,BUY,HIGH,4501.2,4488.41,4509.73,SL,4488.41,-1.0
2026-06-04 02:30:00-04:00,BUY,HIGH,4496.2,4483.48,4504.68,TP1,4504.68,0.667
2026-06-04 03:30:00-04:00,BUY,MEDIUM,4488.5,4475.86,4496.92,TP1,4496.92,0.667
2026-06-04 04:30:00-04:00,BUY,HIGH,4490.4,4478.3,4498.47,TP1,4498.47,0.667
2026-06-04 05:30:00-04:00,BUY,HIGH,4495.7,4484.0,4503.5,TP1,4503.5,0.667
2026-06-04 06:30:00-04:00,BUY,HIGH,4499.4,4488.22,4506.85,TP1,4506.85,0.667
2026-06-04 07:30:00-04:00,BUY,HIGH,4519.8,4507.17,4528.22,TP1,4528.22,0.667
2026-06-04 08:30:00-04:00,BUY,HIGH,4529.7,4514.77,4539.66,TP1,4539.66,0.667
2026-06-04 09:30:00-04:00,BUY,HIGH,4542.6,4527.31,4552.79,SL,4527.31,-1.0
2026-06-04 10:30:00-04:00,BUY,HIGH,4502.7,4485.74,4514.0,SL,4485.74,-1.0
2026-06-04 11:30:00-04:00,BUY,HIGH,4500.4,4483.68,4511.54,TP1,4511.54,0.667
2026-06-04 12:30:00-04:00,BUY,HIGH,4508.7,4493.49,4518.84,SL,4493.49,-1.0
2026-06-04 13:30:00-04:00,BUY,HIGH,4504.6,4491.18,4513.55,SL,4491.18,-1.0
2026-06-04 14:30:00-04:00,BUY,HIGH,4502.1,4490.4,4509.9,TP1,4509.9,0.667
2026-06-04 15:30:00-04:00,BUY,HIGH,4505.6,4495.13,4512.58,SL,4495.13,-1.0
2026-06-04 16:30:00-04:00,BUY,HIGH,4503.0,4493.78,4509.14,SL,4493.78,-1.0
2026-06-04 18:00:00-04:00,BUY,HIGH,4502.7,4494.13,4508.41,TP1,4508.41,0.667
2026-06-04 19:00:00-04:00,BUY,MEDIUM,4498.6,4489.24,4504.84,SL,4489.24,-1.0
2026-06-04 19:30:00-04:00,SELL,HIGH,4490.3,4499.94,4483.87,TP1,4483.87,0.667
2026-06-04 20:30:00-04:00,SELL,HIGH,4489.8,4500.31,4482.79,TP1,4482.79,0.667
2026-06-04 21:30:00-04:00,SELL,HIGH,4472.6,4485.84,4463.77,TP1,4463.77,0.667
2026-06-04 22:30:00-04:00,SELL,HIGH,4469.0,4482.77,4459.82,TP1,4459.82,0.667
2026-06-04 23:30:00-04:00,SELL,HIGH,4467.1,4480.19,4458.37,TP1,4458.37,0.667
2026-06-05 00:30:00-04:00,SELL,HIGH,4467.3,4479.16,4459.39,TP1,4459.39,0.667
2026-06-05 00:45:00-04:00,BUY,MEDIUM,4471.0,4459.25,4478.83,SL,4459.25,-1.0
2026-06-05 01:45:00-04:00,SELL,HIGH,4465.9,4477.77,4457.99,TP1,4457.99,0.667
2026-06-05 02:30:00-04:00,BUY,HIGH,4474.2,4461.37,4482.75,TP1,4482.75,0.667
2026-06-05 03:30:00-04:00,BUY,HIGH,4489.0,4475.83,4497.78,TP1,4497.78,0.667
2026-06-05 04:30:00-04:00,BUY,HIGH,4488.8,4476.69,4496.88,TP1,4496.88,0.667
2026-06-05 05:30:00-04:00,BUY,HIGH,4493.0,4481.09,4500.94,TP1,4500.94,0.667
2026-06-05 06:30:00-04:00,BUY,HIGH,4491.6,4481.01,4498.66,TP1,4498.66,0.667
2026-06-05 07:30:00-04:00,BUY,HIGH,4491.8,4481.76,4498.5,TP1,4498.5,0.667
2026-06-05 08:30:00-04:00,SELL,HIGH,4472.1,4485.66,4463.06,TP1,4463.06,0.667
2026-06-05 09:30:00-04:00,SELL,HIGH,4414.7,4434.94,4401.2,TP1,4401.2,0.667
2026-06-05 10:30:00-04:00,SELL,HIGH,4374.4,4397.07,4359.28,SL,4397.07,-1.0
2026-06-05 11:30:00-04:00,SELL,HIGH,4363.3,4386.97,4347.52,TP1,4347.52,0.667
2026-06-05 12:30:00-04:00,SELL,HIGH,4352.4,4373.74,4338.17,TP1,4338.17,0.667
2026-06-05 13:30:00-04:00,SELL,HIGH,4365.7,4385.93,4352.21,TP1,4352.21,0.667
2026-06-05 14:30:00-04:00,SELL,HIGH,4343.0,4362.5,4330.0,SL,4362.5,-1.0
2026-06-05 15:30:00-04:00,SELL,HIGH,4343.1,4361.52,4330.82,SL,4361.52,-1.0
2026-06-05 16:30:00-04:00,SELL,HIGH,4349.4,4366.07,4338.29,TP1,4338.29,0.667
2026-06-05 16:45:00-04:00,BUY,MEDIUM,4365.3,4348.05,4376.8,SL,4348.05,-1.0
2026-06-07 18:15:00-04:00,SELL,MEDIUM,4340.4,4359.65,4327.56,SL,4359.65,-1.0
2026-06-07 18:30:00-04:00,BUY,MEDIUM,4350.1,4330.77,4362.98,TP1,4362.98,0.667
2026-06-07 18:45:00-04:00,SELL,MEDIUM,4341.4,4360.53,4328.64,SL,4360.53,-1.0
2026-06-07 19:15:00-04:00,BUY,MEDIUM,4358.0,4339.25,4370.5,TP1,4370.5,0.667
2026-06-07 20:15:00-04:00,BUY,HIGH,4375.2,4357.6,4386.93,SL,4357.6,-1.0
2026-06-07 21:15:00-04:00,SELL,HIGH,4338.3,4356.63,4326.08,TP1,4326.08,0.667
2026-06-07 22:15:00-04:00,SELL,HIGH,4338.7,4358.17,4325.72,TP1,4325.72,0.667
2026-06-07 23:15:00-04:00,SELL,HIGH,4331.4,4349.87,4319.09,TP1,4319.09,0.667
2026-06-08 00:00:00-04:00,BUY,HIGH,4343.4,4326.64,4354.57,SL,4326.64,-1.0
2026-06-08 00:45:00-04:00,SELL,HIGH,4337.2,4353.13,4326.58,TP1,4326.58,0.667
2026-06-08 01:45:00-04:00,SELL,HIGH,4317.5,4336.85,4304.6,SL,4336.85,-1.0
2026-06-08 02:45:00-04:00,BUY,MEDIUM,4325.3,4306.33,4337.95,TP1,4337.95,0.667
2026-06-08 03:45:00-04:00,BUY,MEDIUM,4319.9,4301.1,4332.43,SL,4301.1,-1.0
2026-06-08 04:00:00-04:00,SELL,HIGH,4316.5,4334.78,4304.31,TP1,4304.31,0.667
2026-06-08 05:00:00-04:00,SELL,HIGH,4313.7,4330.25,4302.67,TP1,4302.67,0.667
2026-06-08 05:45:00-04:00,BUY,HIGH,4318.8,4300.93,4330.72,TP1,4330.72,0.667
2026-06-08 06:45:00-04:00,BUY,HIGH,4326.4,4309.32,4337.78,TP1,4337.78,0.667
2026-06-08 07:45:00-04:00,BUY,HIGH,4356.3,4337.65,4368.73,TP1,4368.73,0.667
2026-06-08 08:45:00-04:00,BUY,HIGH,4358.0,4339.47,4370.35,TP1,4370.35,0.667
2026-06-08 09:45:00-04:00,BUY,HIGH,4351.8,4332.58,4364.62,TP1,4364.62,0.667
2026-06-08 10:45:00-04:00,BUY,HIGH,4355.8,4336.98,4368.35,TP1,4368.35,0.667
2026-06-08 11:45:00-04:00,BUY,HIGH,4366.1,4347.53,4378.48,SL,4347.53,-1.0
2026-06-08 12:45:00-04:00,BUY,HIGH,4365.0,4348.78,4375.81,SL,4348.78,-1.0
2026-06-08 13:45:00-04:00,BUY,HIGH,4363.4,4348.8,4373.14,SL,4348.8,-1.0
2026-06-08 14:45:00-04:00,BUY,HIGH,4358.8,4345.68,4367.55,SL,4345.68,-1.0
2026-06-08 15:45:00-04:00,BUY,MEDIUM,4350.3,4337.87,4358.58,TP1,4358.58,0.667
2026-06-08 16:00:00-04:00,SELL,HIGH,4352.0,4363.91,4344.06,TP1,4344.06,0.667
2026-06-08 16:30:00-04:00,BUY,MEDIUM,4350.0,4338.97,4357.35,TP1,4357.35,0.667
2026-06-08 18:00:00-04:00,BUY,MEDIUM,4348.5,4337.31,4355.96,TP1,4355.96,0.667
2026-06-08 18:15:00-04:00,SELL,HIGH,4348.4,4360.67,4340.22,TP1,4340.22,0.667
2026-06-08 18:45:00-04:00,BUY,MEDIUM,4351.5,4340.38,4358.92,SL,4340.38,-1.0
2026-06-08 19:15:00-04:00,SELL,HIGH,4344.0,4354.84,4336.78,TP1,4336.78,0.667
2026-06-08 20:15:00-04:00,SELL,HIGH,4340.6,4351.6,4333.27,SL,4351.6,-1.0
2026-06-08 21:15:00-04:00,BUY,MEDIUM,4359.8,4347.63,4367.91,TP1,4367.91,0.667
2026-06-08 22:15:00-04:00,BUY,HIGH,4360.2,4348.65,4367.9,SL,4348.65,-1.0
2026-06-08 23:15:00-04:00,BUY,HIGH,4360.7,4348.75,4368.67,SL,4348.75,-1.0
2026-06-09 00:15:00-04:00,BUY,HIGH,4355.0,4343.89,4362.41,TP1,4362.41,0.667
2026-06-09 01:15:00-04:00,BUY,HIGH,4356.8,4346.2,4363.87,TP1,4363.87,0.667
2026-06-09 02:15:00-04:00,BUY,HIGH,4363.5,4351.48,4371.51,SL,4351.48,-1.0
2026-06-09 03:15:00-04:00,SELL,HIGH,4354.8,4367.18,4346.54,TP1,4346.54,0.667
2026-06-09 04:00:00-04:00,BUY,MEDIUM,4355.8,4342.89,4364.41,TP1,4364.41,0.667
2026-06-09 05:00:00-04:00,BUY,HIGH,4351.8,4339.65,4359.9,TP1,4359.9,0.667
2026-06-09 06:00:00-04:00,BUY,HIGH,4359.6,4347.21,4367.86,TP1,4367.86,0.667
2026-06-09 07:00:00-04:00,BUY,HIGH,4361.9,4350.08,4369.78,TP1,4369.78,0.667
2026-06-09 08:00:00-04:00,BUY,HIGH,4365.6,4354.96,4372.69,SL,4354.96,-1.0
2026-06-09 09:00:00-04:00,BUY,HIGH,4365.2,4354.31,4372.46,SL,4354.31,-1.0
2026-06-09 09:30:00-04:00,SELL,HIGH,4354.5,4366.16,4346.73,SL,4366.16,-1.0
2026-06-09 09:45:00-04:00,BUY,MEDIUM,4353.2,4338.35,4363.1,SL,4338.35,-1.0
2026-06-09 10:00:00-04:00,SELL,HIGH,4345.1,4360.7,4334.7,TP1,4334.7,0.667
2026-06-09 11:00:00-04:00,SELL,HIGH,4319.5,4340.01,4305.83,TP1,4305.83,0.667
2026-06-09 12:00:00-04:00,SELL,HIGH,4283.1,4305.68,4268.05,TP1,4268.05,0.667
2026-06-09 13:00:00-04:00,SELL,HIGH,4285.5,4309.39,4269.58,TP1,4269.58,0.667
2026-06-09 14:00:00-04:00,SELL,HIGH,4289.7,4310.87,4275.59,TP1,4275.59,0.667
2026-06-09 14:15:00-04:00,BUY,MEDIUM,4295.2,4274.28,4309.15,SL,4274.28,-1.0
2026-06-09 14:30:00-04:00,SELL,HIGH,4288.7,4309.26,4274.99,TP1,4274.99,0.667
2026-06-09 14:45:00-04:00,BUY,MEDIUM,4294.4,4274.28,4307.82,SL,4274.28,-1.0
2026-06-09 15:00:00-04:00,SELL,HIGH,4283.0,4303.17,4269.56,TP1,4269.56,0.667
2026-06-09 16:00:00-04:00,SELL,HIGH,4282.4,4300.39,4270.4,TP1,4270.4,0.667
2026-06-09 16:30:00-04:00,BUY,MEDIUM,4285.3,4269.07,4296.12,SL,4269.07,-1.0
2026-06-09 18:00:00-04:00,SELL,HIGH,4279.4,4295.22,4268.85,TP1,4268.85,0.667
2026-06-09 19:00:00-04:00,SELL,HIGH,4259.0,4275.11,4248.26,TP1,4248.26,0.667
2026-06-09 20:00:00-04:00,SELL,HIGH,4248.3,4265.22,4237.02,TP1,4237.02,0.667
2026-06-09 21:00:00-04:00,SELL,HIGH,4227.3,4248.08,4213.44,TP1,4213.44,0.667
2026-06-09 22:00:00-04:00,SELL,HIGH,4207.0,4228.71,4192.52,SL,4228.71,-1.0
2026-06-09 23:00:00-04:00,SELL,HIGH,4201.9,4223.44,4187.54,SL,4223.44,-1.0
2026-06-10 00:00:00-04:00,SELL,HIGH,4204.6,4223.32,4192.12,SL,4223.32,-1.0
2026-06-10 01:00:00-04:00,SELL,HIGH,4202.6,4218.86,4191.76,SL,4218.86,-1.0
2026-06-10 01:15:00-04:00,BUY,MEDIUM,4210.5,4194.12,4221.42,TP1,4221.42,0.667
2026-06-10 02:15:00-04:00,BUY,HIGH,4235.4,4218.03,4246.98,SL,4218.03,-1.0
2026-06-10 03:15:00-04:00,BUY,MEDIUM,4218.1,4201.63,4229.08,SL,4201.63,-1.0
2026-06-10 03:45:00-04:00,SELL,HIGH,4209.7,4226.07,4198.79,TP1,4198.79,0.667
2026-06-10 04:45:00-04:00,SELL,HIGH,4191.7,4209.74,4179.67,TP1,4179.67,0.667
2026-06-10 05:45:00-04:00,SELL,HIGH,4191.6,4209.49,4179.67,TP1,4179.67,0.667
2026-06-10 06:45:00-04:00,BUY,MEDIUM,4197.5,4180.23,4209.01,SL,4180.23,-1.0
2026-06-10 07:15:00-04:00,SELL,HIGH,4189.2,4207.96,4176.7,TP1,4176.7,0.667
2026-06-10 08:15:00-04:00,SELL,HIGH,4165.1,4185.22,4151.68,SL,4185.22,-1.0
2026-06-10 09:15:00-04:00,SELL,HIGH,4172.1,4196.14,4156.07,SL,4196.14,-1.0
2026-06-10 09:30:00-04:00,BUY,MEDIUM,4203.1,4176.67,4220.72,SL,4176.67,-1.0
2026-06-10 10:30:00-04:00,BUY,MEDIUM,4173.0,4148.14,4189.57,SL,4148.14,-1.0
2026-06-10 10:45:00-04:00,SELL,HIGH,4147.1,4173.92,4129.22,TP1,4129.22,0.667
2026-06-10 11:45:00-04:00,SELL,HIGH,4151.9,4179.14,4133.74,TP1,4133.74,0.667
2026-06-10 12:45:00-04:00,SELL,HIGH,4144.6,4168.59,4128.6,TP1,4128.6,0.667
2026-06-10 13:45:00-04:00,SELL,HIGH,4134.9,4157.97,4119.52,TP1,4119.52,0.667
2026-06-10 14:45:00-04:00,SELL,HIGH,4125.0,4145.68,4111.21,TP1,4111.21,0.667
2026-06-10 15:45:00-04:00,SELL,HIGH,4106.2,4126.1,4092.94,TP1,4092.94,0.667
2026-06-10 16:45:00-04:00,SELL,HIGH,4094.1,4112.27,4081.99,TP1,4081.99,0.667
2026-06-10 18:00:00-04:00,SELL,HIGH,4077.8,4097.03,4064.98,TP1,4064.98,0.667
2026-06-10 19:00:00-04:00,SELL,HIGH,4052.9,4076.71,4037.03,SL,4076.71,-1.0
2026-06-10 20:00:00-04:00,SELL,HIGH,4074.5,4100.33,4057.28,SL,4100.33,-1.0
2026-06-10 20:15:00-04:00,BUY,MEDIUM,4089.4,4062.91,4107.06,TP1,4107.06,0.667
2026-06-10 21:15:00-04:00,BUY,MEDIUM,4124.9,4097.47,4143.19,SL,4097.47,-1.0
2026-06-10 22:15:00-04:00,BUY,HIGH,4102.8,4076.48,4120.34,SL,4076.48,-1.0
2026-06-10 22:30:00-04:00,SELL,HIGH,4080.5,4108.1,4062.1,SL,4108.1,-1.0
2026-06-10 23:30:00-04:00,BUY,MEDIUM,4089.2,4063.08,4106.61,TP1,4106.61,0.667
2026-06-11 00:30:00-04:00,BUY,HIGH,4103.7,4080.16,4119.39,TP1,4119.39,0.667
2026-06-11 01:30:00-04:00,BUY,HIGH,4120.1,4097.76,4135.0,SL,4097.76,-1.0
2026-06-11 02:30:00-04:00,BUY,HIGH,4113.6,4091.94,4128.04,TP1,4128.04,0.667
2026-06-11 03:30:00-04:00,BUY,HIGH,4128.4,4108.75,4141.5,SL,4108.75,-1.0
2026-06-11 04:30:00-04:00,BUY,HIGH,4111.5,4093.11,4123.76,SL,4093.11,-1.0
2026-06-11 04:45:00-04:00,SELL,HIGH,4105.6,4123.48,4093.68,TP1,4093.68,0.667
2026-06-11 05:15:00-04:00,BUY,MEDIUM,4100.0,4082.8,4111.47,TP1,4111.47,0.667
2026-06-11 05:30:00-04:00,SELL,HIGH,4112.6,4130.16,4100.9,TP1,4100.9,0.667
2026-06-11 05:45:00-04:00,BUY,MEDIUM,4112.4,4095.32,4123.79,SL,4095.32,-1.0
2026-06-11 06:45:00-04:00,BUY,MEDIUM,4110.3,4095.04,4120.47,SL,4095.04,-1.0
2026-06-11 07:15:00-04:00,SELL,HIGH,4110.9,4125.69,4101.04,TP1,4101.04,0.667
2026-06-11 08:15:00-04:00,SELL,HIGH,4089.5,4106.3,4078.3,TP1,4078.3,0.667
2026-06-11 09:15:00-04:00,SELL,HIGH,4096.4,4114.5,4084.33,TP1,4084.33,0.667
2026-06-11 09:30:00-04:00,BUY,MEDIUM,4097.4,4078.91,4109.73,TP1,4109.73,0.667
2026-06-11 10:00:00-04:00,SELL,HIGH,4081.6,4103.15,4067.24,SL,4103.15,-1.0
2026-06-11 11:00:00-04:00,BUY,HIGH,4101.3,4078.73,4116.35,TP1,4116.35,0.667
2026-06-11 12:00:00-04:00,BUY,HIGH,4124.0,4101.95,4138.7,SL,4101.95,-1.0
2026-06-11 13:00:00-04:00,BUY,HIGH,4097.2,4075.84,4111.44,TP1,4111.44,0.667
2026-06-11 14:00:00-04:00,BUY,HIGH,4167.5,4138.05,4187.14,TP1,4187.14,0.667
2026-06-11 15:00:00-04:00,BUY,HIGH,4209.9,4180.79,4229.3,TP1,4229.3,0.667
2026-06-11 16:00:00-04:00,BUY,HIGH,4235.4,4208.47,4253.35,TP1,4253.35,0.667
2026-06-11 18:00:00-04:00,BUY,HIGH,4230.7,4207.42,4246.22,TP1,4246.22,0.667
2026-06-11 19:00:00-04:00,BUY,HIGH,4245.0,4220.23,4261.51,SL,4220.23,-1.0
2026-06-11 20:00:00-04:00,BUY,HIGH,4237.3,4214.58,4252.45,SL,4214.58,-1.0
2026-06-11 21:00:00-04:00,BUY,HIGH,4208.4,4183.23,4225.18,TP1,4225.18,0.667
2026-06-11 22:00:00-04:00,BUY,HIGH,4215.9,4191.51,4232.16,SL,4191.51,-1.0
2026-06-11 23:00:00-04:00,BUY,HIGH,4216.0,4194.5,4230.34,SL,4194.5,-1.0
2026-06-12 00:00:00-04:00,BUY,HIGH,4216.5,4197.54,4229.14,SL,4197.54,-1.0
2026-06-12 01:00:00-04:00,BUY,HIGH,4210.5,4193.75,4221.67,SL,4193.75,-1.0
2026-06-12 02:00:00-04:00,BUY,HIGH,4204.9,4188.26,4215.99,TP1,4215.99,0.667
2026-06-12 03:00:00-04:00,BUY,HIGH,4199.4,4183.68,4209.88,TP1,4209.88,0.667
2026-06-12 04:00:00-04:00,BUY,HIGH,4224.9,4207.95,4236.2,TP1,4236.2,0.667
2026-06-12 05:00:00-04:00,BUY,HIGH,4245.8,4228.36,4257.42,SL,4228.36,-1.0
2026-06-12 06:00:00-04:00,BUY,HIGH,4242.4,4226.53,4252.98,SL,4226.53,-1.0
2026-06-12 07:00:00-04:00,BUY,HIGH,4228.3,4212.04,4239.14,SL,4212.04,-1.0
2026-06-12 08:00:00-04:00,BUY,HIGH,4235.2,4218.98,4246.01,SL,4218.98,-1.0
2026-06-12 09:00:00-04:00,BUY,HIGH,4219.1,4201.99,4230.51,TP1,4230.51,0.667
2026-06-12 10:00:00-04:00,BUY,HIGH,4214.1,4195.36,4226.59,TP1,4226.59,0.667
2026-06-12 11:00:00-04:00,BUY,HIGH,4234.6,4213.23,4248.85,TP1,4248.85,0.667
2026-06-12 12:00:00-04:00,BUY,HIGH,4242.1,4219.43,4257.22,TP1,4257.22,0.667
2026-06-12 13:00:00-04:00,BUY,HIGH,4238.5,4217.46,4252.52,TP1,4252.52,0.667
2026-06-12 14:00:00-04:00,BUY,HIGH,4247.9,4228.79,4260.64,SL,4228.79,-1.0
2026-06-12 15:00:00-04:00,BUY,HIGH,4238.8,4221.04,4250.64,TP1,4250.64,0.667
2026-06-12 16:00:00-04:00,BUY,HIGH,4234.1,4218.1,4244.76,TP1,4244.76,0.667
2026-06-14 18:00:00-04:00,BUY,HIGH,4320.0,4297.49,4335.01,TP1,4335.01,0.667
2026-06-14 19:00:00-04:00,BUY,HIGH,4303.4,4282.45,4317.37,TP1,4317.37,0.667
2026-06-14 20:00:00-04:00,BUY,HIGH,4319.9,4301.67,4332.05,TP1,4332.05,0.667
2026-06-14 21:00:00-04:00,BUY,HIGH,4317.7,4300.04,4329.48,TP1,4329.48,0.667
2026-06-14 22:00:00-04:00,BUY,HIGH,4347.6,4329.6,4359.6,SL,4329.6,-1.0
2026-06-14 23:00:00-04:00,BUY,HIGH,4346.7,4330.33,4357.61,SL,4330.33,-1.0
2026-06-15 00:00:00-04:00,BUY,HIGH,4347.3,4332.95,4356.86,SL,4332.95,-1.0
2026-06-15 01:00:00-04:00,BUY,HIGH,4350.0,4337.26,4358.5,SL,4337.26,-1.0
2026-06-15 02:00:00-04:00,BUY,HIGH,4329.8,4315.83,4339.11,TP1,4339.11,0.667
2026-06-15 03:00:00-04:00,BUY,HIGH,4334.4,4321.32,4343.12,TP1,4343.12,0.667
2026-06-15 04:00:00-04:00,BUY,HIGH,4349.4,4336.57,4357.95,TP1,4357.95,0.667
2026-06-15 05:00:00-04:00,BUY,HIGH,4361.1,4347.65,4370.07,SL,4347.65,-1.0
2026-06-15 06:00:00-04:00,BUY,HIGH,4358.9,4346.56,4367.13,TP1,4367.13,0.667
2026-06-15 07:00:00-04:00,BUY,HIGH,4359.2,4348.29,4366.47,TP1,4366.47,0.667
2026-06-15 08:00:00-04:00,BUY,HIGH,4352.2,4341.13,4359.58,TP1,4359.58,0.667
2026-06-15 09:00:00-04:00,BUY,HIGH,4371.0,4358.87,4379.08,TP1,4379.08,0.667
2026-06-15 10:00:00-04:00,BUY,HIGH,4379.0,4365.02,4388.32,SL,4365.02,-1.0
2026-06-15 11:00:00-04:00,BUY,HIGH,4372.9,4358.64,4382.41,TP1,4382.41,0.667
2026-06-15 12:00:00-04:00,BUY,HIGH,4373.2,4359.13,4382.58,SL,4359.13,-1.0
2026-06-15 13:00:00-04:00,BUY,HIGH,4355.4,4341.64,4364.58,SL,4341.64,-1.0
2026-06-15 14:00:00-04:00,BUY,MEDIUM,4345.3,4332.45,4353.87,SL,4332.45,-1.0
2026-06-15 15:00:00-04:00,BUY,MEDIUM,4344.2,4332.78,4351.82,SL,4332.78,-1.0
2026-06-15 16:00:00-04:00,SELL,HIGH,4337.9,4348.44,4330.87,TP1,4330.87,0.667
2026-06-15 18:00:00-04:00,SELL,HIGH,4330.9,4341.02,4324.15,SL,4341.02,-1.0
2026-06-15 18:45:00-04:00,BUY,MEDIUM,4333.1,4323.07,4339.79,TP1,4339.79,0.667
2026-06-15 19:45:00-04:00,BUY,HIGH,4337.3,4327.82,4343.62,SL,4327.82,-1.0
2026-06-15 20:15:00-04:00,SELL,HIGH,4329.4,4339.14,4322.91,SL,4339.14,-1.0
2026-06-15 20:30:00-04:00,BUY,MEDIUM,4331.8,4322.12,4338.25,TP1,4338.25,0.667
2026-06-15 21:30:00-04:00,BUY,HIGH,4335.7,4325.1,4342.77,TP1,4342.77,0.667
2026-06-15 22:30:00-04:00,BUY,HIGH,4333.0,4322.45,4340.04,TP1,4340.04,0.667
2026-06-15 23:30:00-04:00,BUY,HIGH,4352.9,4341.77,4360.32,SL,4341.77,-1.0
2026-06-16 00:30:00-04:00,BUY,HIGH,4344.0,4333.85,4350.77,TP1,4350.77,0.667
2026-06-16 01:30:00-04:00,BUY,HIGH,4339.0,4328.52,4345.98,TP1,4345.98,0.667
2026-06-16 02:30:00-04:00,BUY,MEDIUM,4337.5,4327.39,4344.24,TP1,4344.24,0.667
2026-06-16 03:30:00-04:00,BUY,HIGH,4348.5,4338.39,4355.24,TP1,4355.24,0.667
2026-06-16 04:30:00-04:00,BUY,HIGH,4365.2,4354.87,4372.08,TP1,4372.08,0.667
2026-06-16 05:30:00-04:00,BUY,HIGH,4362.8,4352.52,4369.65,TP1,4369.65,0.667
2026-06-16 06:30:00-04:00,BUY,HIGH,4367.7,4358.26,4374.0,SL,4358.26,-1.0
2026-06-16 07:30:00-04:00,BUY,HIGH,4359.6,4350.09,4365.94,TP1,4365.94,0.667
2026-06-16 08:30:00-04:00,BUY,HIGH,4370.9,4361.0,4377.5,SL,4361.0,-1.0
2026-06-16 09:30:00-04:00,BUY,HIGH,4359.9,4348.76,4367.33,SL,4348.76,-1.0
2026-06-16 10:30:00-04:00,BUY,HIGH,4345.1,4331.83,4353.94,TP1,4353.94,0.667
2026-06-16 11:30:00-04:00,BUY,HIGH,4347.3,4334.95,4355.54,TP1,4355.54,0.667
2026-06-16 12:30:00-04:00,BUY,HIGH,4365.0,4351.65,4373.9,SL,4351.65,-1.0
2026-06-16 13:30:00-04:00,BUY,HIGH,4359.9,4347.0,4368.5,TP1,4368.5,0.667
2026-06-16 14:30:00-04:00,BUY,HIGH,4360.0,4348.83,4367.45,SL,4348.83,-1.0
2026-06-16 15:30:00-04:00,BUY,HIGH,4360.0,4350.14,4366.58,SL,4350.14,-1.0
2026-06-16 16:30:00-04:00,BUY,HIGH,4355.2,4346.11,4361.26,TP1,4361.26,0.667
2026-06-16 18:00:00-04:00,BUY,HIGH,4351.9,4343.11,4357.76,TP1,4357.76,0.667
2026-06-16 19:00:00-04:00,BUY,HIGH,4356.1,4348.01,4361.49,TP1,4361.49,0.667
2026-06-16 20:00:00-04:00,BUY,HIGH,4357.3,4349.07,4362.79,TP1,4362.79,0.667
2026-06-16 21:00:00-04:00,BUY,HIGH,4367.5,4358.2,4373.7,SL,4358.2,-1.0
2026-06-16 22:00:00-04:00,BUY,HIGH,4362.7,4353.26,4368.99,SL,4353.26,-1.0
2026-06-16 23:00:00-04:00,BUY,HIGH,4350.2,4340.77,4356.49,SL,4340.77,-1.0
2026-06-17 00:00:00-04:00,SELL,HIGH,4350.2,4358.69,4344.54,TP1,4344.54,0.667
2026-06-17 00:15:00-04:00,BUY,MEDIUM,4344.1,4335.11,4350.09,TP1,4350.09,0.667
2026-06-17 01:15:00-04:00,BUY,HIGH,4346.5,4337.33,4352.62,TP1,4352.62,0.667
2026-06-17 02:15:00-04:00,BUY,HIGH,4343.7,4333.89,4350.24,TP1,4350.24,0.667
2026-06-17 03:15:00-04:00,BUY,HIGH,4348.3,4338.73,4354.68,SL,4338.73,-1.0
2026-06-17 04:00:00-04:00,SELL,HIGH,4342.2,4351.56,4335.96,TP1,4335.96,0.667
2026-06-17 05:00:00-04:00,BUY,MEDIUM,4344.7,4335.25,4351.0,TP1,4351.0,0.667
2026-06-17 06:00:00-04:00,BUY,HIGH,4350.3,4341.13,4356.41,SL,4341.13,-1.0
2026-06-17 07:00:00-04:00,BUY,HIGH,4348.6,4340.12,4354.25,SL,4340.12,-1.0
2026-06-17 08:00:00-04:00,SELL,HIGH,4342.6,4350.96,4337.02,SL,4350.96,-1.0
2026-06-17 08:30:00-04:00,BUY,HIGH,4351.1,4342.33,4356.95,TP1,4356.95,0.667
2026-06-17 09:30:00-04:00,BUY,HIGH,4361.3,4351.59,4367.78,TP1,4367.78,0.667
2026-06-17 10:30:00-04:00,BUY,HIGH,4372.0,4359.26,4380.49,SL,4359.26,-1.0
2026-06-17 11:30:00-04:00,BUY,HIGH,4378.1,4363.96,4387.53,TP1,4387.53,0.667
2026-06-17 12:30:00-04:00,BUY,HIGH,4377.9,4364.46,4386.86,TP1,4386.86,0.667
2026-06-17 13:30:00-04:00,BUY,HIGH,4396.7,4382.88,4405.92,SL,4382.88,-1.0
2026-06-17 14:00:00-04:00,SELL,MEDIUM,4303.3,4327.36,4287.26,SL,4327.36,-1.0
2026-06-17 15:00:00-04:00,SELL,HIGH,4283.0,4318.16,4259.56,TP1,4259.56,0.667
2026-06-17 16:00:00-04:00,SELL,HIGH,4276.0,4311.69,4252.2,SL,4311.69,-1.0
2026-06-17 18:00:00-04:00,SELL,HIGH,4284.8,4315.56,4264.29,SL,4315.56,-1.0
2026-06-17 18:45:00-04:00,BUY,MEDIUM,4285.8,4258.87,4303.75,TP1,4303.75,0.667
2026-06-17 19:45:00-04:00,BUY,MEDIUM,4297.2,4272.68,4313.55,TP1,4313.55,0.667
2026-06-17 20:45:00-04:00,BUY,HIGH,4328.0,4305.23,4343.18,TP1,4343.18,0.667
2026-06-17 21:45:00-04:00,BUY,HIGH,4337.7,4316.23,4352.02,SL,4316.23,-1.0
2026-06-17 22:45:00-04:00,BUY,HIGH,4331.0,4311.38,4344.08,TP1,4344.08,0.667
2026-06-17 23:45:00-04:00,BUY,HIGH,4339.6,4322.37,4351.09,SL,4322.37,-1.0
2026-06-18 00:45:00-04:00,BUY,HIGH,4336.0,4320.05,4346.63,SL,4320.05,-1.0
2026-06-18 01:45:00-04:00,BUY,MEDIUM,4328.0,4312.3,4338.47,SL,4312.3,-1.0
2026-06-18 02:45:00-04:00,BUY,MEDIUM,4326.6,4311.57,4336.62,SL,4311.57,-1.0
2026-06-18 03:30:00-04:00,SELL,HIGH,4317.3,4332.33,4307.28,TP1,4307.28,0.667
2026-06-18 04:30:00-04:00,SELL,HIGH,4300.7,4315.35,4290.93,TP1,4290.93,0.667
2026-06-18 05:30:00-04:00,SELL,HIGH,4287.7,4302.31,4277.96,TP1,4277.96,0.667
2026-06-18 06:30:00-04:00,SELL,HIGH,4282.8,4296.72,4273.52,TP1,4273.52,0.667
2026-06-18 07:30:00-04:00,SELL,HIGH,4262.6,4277.06,4252.96,SL,4277.06,-1.0
2026-06-18 08:30:00-04:00,SELL,HIGH,4261.8,4278.26,4250.83,SL,4278.26,-1.0
2026-06-18 09:00:00-04:00,BUY,MEDIUM,4278.2,4261.67,4289.22,TP1,4289.22,0.667
2026-06-18 10:00:00-04:00,SELL,HIGH,4260.2,4278.37,4248.08,TP1,4248.08,0.667
2026-06-18 11:00:00-04:00,SELL,HIGH,4266.3,4285.05,4253.8,TP1,4253.8,0.667
2026-06-18 12:00:00-04:00,SELL,HIGH,4246.6,4264.74,4234.51,TP1,4234.51,0.667
2026-06-18 13:00:00-04:00,SELL,HIGH,4247.3,4264.61,4235.76,TP1,4235.76,0.667
2026-06-18 13:30:00-04:00,BUY,MEDIUM,4249.4,4233.02,4260.32,SL,4233.02,-1.0
2026-06-18 14:00:00-04:00,SELL,HIGH,4247.3,4262.67,4237.05,TP1,4237.05,0.667
2026-06-18 15:00:00-04:00,SELL,HIGH,4226.7,4241.37,4216.92,TP1,4216.92,0.667
2026-06-18 16:00:00-04:00,SELL,HIGH,4235.9,4249.49,4226.84,TP1,4226.84,0.667
2026-06-18 16:15:00-04:00,BUY,MEDIUM,4237.7,4224.58,4246.45,SL,4224.58,-1.0
2026-06-18 16:30:00-04:00,SELL,HIGH,4232.0,4244.84,4223.44,TP1,4223.44,0.667
2026-06-18 18:00:00-04:00,SELL,HIGH,4226.6,4239.31,4218.13,TP1,4218.13,0.667
2026-06-18 19:00:00-04:00,SELL,HIGH,4214.5,4227.22,4206.02,TP1,4206.02,0.667
2026-06-18 20:00:00-04:00,SELL,HIGH,4204.0,4216.78,4195.48,TP1,4195.48,0.667
2026-06-18 21:00:00-04:00,SELL,HIGH,4204.5,4216.71,4196.36,TP1,4196.36,0.667
2026-06-18 22:00:00-04:00,SELL,MEDIUM,4197.2,4208.9,4189.4,TP1,4189.4,0.667
2026-06-18 23:00:00-04:00,SELL,HIGH,4183.7,4195.49,4175.84,TP1,4175.84,0.667
2026-06-21 18:00:00-04:00,SELL,HIGH,4168.1,4182.71,4158.36,TP1,4158.36,0.667
2026-06-21 19:00:00-04:00,SELL,HIGH,4174.9,4188.41,4165.89,TP1,4165.89,0.667
2026-06-21 20:00:00-04:00,SELL,HIGH,4177.6,4193.91,4166.73,SL,4193.91,-1.0
2026-06-21 20:15:00-04:00,BUY,MEDIUM,4184.6,4167.87,4195.75,TP1,4195.75,0.667
2026-06-21 21:15:00-04:00,BUY,HIGH,4225.0,4194.59,4245.27,SL,4194.59,-1.0
2026-06-21 22:15:00-04:00,BUY,HIGH,4206.3,4170.46,4230.2,TP1,4230.2,0.667
2026-06-21 23:15:00-04:00,BUY,MEDIUM,4197.5,4159.71,4222.69,TP1,4222.69,0.667
2026-06-22 00:00:00-04:00,SELL,HIGH,4193.7,4229.54,4169.8,SL,4229.54,-1.0
2026-06-22 00:30:00-04:00,BUY,MEDIUM,4194.4,4158.66,4218.23,TP1,4218.23,0.667
2026-06-22 01:30:00-04:00,BUY,MEDIUM,4210.5,4173.07,4235.45,SL,4173.07,-1.0
2026-06-22 02:30:00-04:00,BUY,HIGH,4220.5,4183.01,4245.49,SL,4183.01,-1.0
2026-06-22 03:30:00-04:00,BUY,HIGH,4212.5,4170.52,4240.49,TIMEOUT,4203.0,-0.226
2026-06-22 04:30:00-04:00,BUY,HIGH,4211.6,4171.49,4238.34,TIMEOUT,4211.0,-0.015
2026-06-22 05:30:00-04:00,BUY,HIGH,4224.9,4175.03,4258.15,SL,4175.03,-1.0
2026-06-22 06:30:00-04:00,BUY,HIGH,4226.4,4171.33,4263.11,TIMEOUT,4213.4,-0.236
2026-06-22 07:30:00-04:00,BUY,HIGH,4224.4,4166.56,4262.96,TIMEOUT,4209.8,-0.252
2026-06-22 08:30:00-04:00,BUY,HIGH,4221.8,4162.7,4261.2,TIMEOUT,4171.8,-0.846
2026-06-22 09:00:00-04:00,SELL,HIGH,4212.9,4273.4,4172.57,TP1,4172.57,0.667
2026-06-22 09:45:00-04:00,BUY,MEDIUM,4218.5,4159.41,4257.9,TIMEOUT,4164.9,-0.907
2026-06-22 10:30:00-04:00,SELL,HIGH,4211.0,4273.32,4169.45,TP1,4169.45,0.667
2026-06-22 10:45:00-04:00,BUY,MEDIUM,4216.7,4157.39,4256.24,SL,4157.39,-1.0
2026-06-22 11:30:00-04:00,SELL,HIGH,4199.1,4259.06,4159.12,TP1,4159.12,0.667
2026-06-22 12:30:00-04:00,SELL,HIGH,4200.0,4254.39,4163.74,TP1,4163.74,0.667
2026-06-22 13:30:00-04:00,SELL,HIGH,4199.8,4251.07,4165.62,TP1,4165.62,0.667
2026-06-22 14:15:00-04:00,BUY,MEDIUM,4206.0,4155.31,4239.79,SL,4155.31,-1.0
2026-06-22 14:45:00-04:00,SELL,HIGH,4209.1,4257.34,4176.94,TP1,4176.94,0.667
2026-06-22 15:00:00-04:00,BUY,MEDIUM,4209.5,4160.56,4242.13,SL,4160.56,-1.0
2026-06-22 15:45:00-04:00,SELL,HIGH,4209.4,4253.37,4180.08,TP1,4180.08,0.667
2026-06-22 16:15:00-04:00,BUY,MEDIUM,4208.6,4162.81,4239.13,SL,4162.81,-1.0
2026-06-22 16:45:00-04:00,SELL,HIGH,4172.9,4216.97,4143.52,TP1,4143.52,0.667
2026-06-22 18:00:00-04:00,SELL,HIGH,4210.5,4255.68,4180.38,TP1,4180.38,0.667
2026-06-22 18:15:00-04:00,BUY,MEDIUM,4211.1,4168.89,4239.24,SL,4168.89,-1.0
2026-06-22 19:15:00-04:00,BUY,HIGH,4209.2,4176.58,4230.95,SL,4176.58,-1.0
2026-06-22 20:15:00-04:00,SELL,HIGH,4200.8,4228.47,4182.35,TP1,4182.35,0.667
2026-06-22 20:30:00-04:00,BUY,MEDIUM,4209.8,4182.88,4227.75,SL,4182.88,-1.0
2026-06-22 21:15:00-04:00,SELL,HIGH,4195.7,4220.76,4178.99,TP1,4178.99,0.667
2026-06-22 22:15:00-04:00,SELL,HIGH,4180.1,4204.61,4163.76,TP1,4163.76,0.667
2026-06-22 23:15:00-04:00,SELL,HIGH,4158.8,4181.4,4143.73,TP1,4143.73,0.667
2026-06-23 00:15:00-04:00,SELL,HIGH,4157.7,4177.1,4144.77,TP1,4144.77,0.667
2026-06-23 01:15:00-04:00,SELL,HIGH,4143.0,4163.13,4129.58,TP1,4129.58,0.667
2026-06-23 02:15:00-04:00,SELL,HIGH,4134.0,4154.29,4120.47,TP1,4120.47,0.667
2026-06-23 03:15:00-04:00,SELL,HIGH,4136.2,4155.68,4123.21,TP1,4123.21,0.667
2026-06-23 04:15:00-04:00,SELL,HIGH,4115.9,4134.63,4103.41,SL,4134.63,-1.0
2026-06-23 05:00:00-04:00,BUY,MEDIUM,4129.1,4110.99,4141.17,TP1,4141.17,0.667
2026-06-23 06:00:00-04:00,BUY,HIGH,4147.6,4130.73,4158.85,SL,4130.73,-1.0
2026-06-23 07:00:00-04:00,BUY,HIGH,4146.9,4131.04,4157.47,SL,4131.04,-1.0
2026-06-23 08:00:00-04:00,BUY,HIGH,4131.8,4116.02,4142.32,TP1,4142.32,0.667
2026-06-23 08:30:00-04:00,SELL,HIGH,4135.5,4150.88,4125.25,TP1,4125.25,0.667
2026-06-23 09:00:00-04:00,BUY,MEDIUM,4131.3,4115.89,4141.57,TP1,4141.57,0.667
2026-06-23 10:00:00-04:00,BUY,HIGH,4155.5,4138.16,4167.06,SL,4138.16,-1.0
2026-06-23 11:00:00-04:00,BUY,HIGH,4145.5,4128.4,4156.9,TP1,4156.9,0.667
2026-06-23 12:00:00-04:00,BUY,HIGH,4153.3,4137.35,4163.93,SL,4137.35,-1.0
2026-06-23 13:00:00-04:00,BUY,HIGH,4156.3,4140.89,4166.57,SL,4140.89,-1.0
2026-06-23 14:00:00-04:00,BUY,MEDIUM,4142.1,4128.17,4151.38,SL,4128.17,-1.0
2026-06-23 14:15:00-04:00,SELL,HIGH,4139.0,4152.48,4130.01,TP1,4130.01,0.667
2026-06-23 15:15:00-04:00,SELL,HIGH,4139.9,4152.54,4131.47,TP1,4131.47,0.667
2026-06-23 16:15:00-04:00,SELL,HIGH,4128.2,4139.72,4120.52,TP1,4120.52,0.667
2026-06-23 18:00:00-04:00,SELL,HIGH,4130.8,4140.97,4124.02,TP1,4124.02,0.667
2026-06-23 19:00:00-04:00,SELL,HIGH,4117.0,4128.09,4109.6,TP1,4109.6,0.667
2026-06-23 20:00:00-04:00,SELL,HIGH,4125.1,4138.63,4116.08,TP1,4116.08,0.667
2026-06-23 21:00:00-04:00,SELL,HIGH,4107.2,4122.82,4096.79,TP1,4096.79,0.667
2026-06-23 22:00:00-04:00,SELL,HIGH,4097.1,4113.99,4085.84,TP1,4085.84,0.667
2026-06-23 23:00:00-04:00,SELL,HIGH,4074.2,4092.67,4061.89,SL,4092.67,-1.0
2026-06-24 00:00:00-04:00,SELL,HIGH,4075.4,4093.03,4063.65,SL,4093.03,-1.0
2026-06-24 01:00:00-04:00,BUY,MEDIUM,4084.4,4068.46,4095.03,TP1,4095.03,0.667
2026-06-24 02:00:00-04:00,BUY,HIGH,4113.5,4096.46,4124.86,SL,4096.46,-1.0
2026-06-24 03:00:00-04:00,BUY,HIGH,4103.1,4086.74,4114.0,SL,4086.74,-1.0
2026-06-24 04:00:00-04:00,BUY,HIGH,4091.0,4075.79,4101.14,TP1,4101.14,0.667
2026-06-24 05:00:00-04:00,BUY,MEDIUM,4093.3,4078.87,4102.92,SL,4078.87,-1.0
2026-06-24 05:15:00-04:00,SELL,HIGH,4086.4,4100.94,4076.71,TP1,4076.71,0.667
2026-06-24 06:15:00-04:00,SELL,HIGH,4077.1,4090.52,4068.15,TP1,4068.15,0.667
2026-06-24 07:15:00-04:00,SELL,HIGH,4060.6,4074.97,4051.02,TP1,4051.02,0.667
2026-06-24 08:15:00-04:00,SELL,HIGH,4031.8,4050.01,4019.66,TP1,4019.66,0.667
2026-06-24 09:15:00-04:00,SELL,HIGH,3991.4,4013.23,3976.85,SL,4013.23,-1.0
2026-06-24 10:15:00-04:00,BUY,MEDIUM,4041.1,4014.22,4059.02,SL,4014.22,-1.0
2026-06-24 11:00:00-04:00,SELL,HIGH,4019.2,4045.68,4001.54,TP1,4001.54,0.667
2026-06-24 11:45:00-04:00,BUY,MEDIUM,4019.5,3993.61,4036.76,TP1,4036.76,0.667
2026-06-24 12:00:00-04:00,SELL,HIGH,4019.9,4045.13,4003.08,TP1,4003.08,0.667
2026-06-24 12:30:00-04:00,BUY,MEDIUM,4029.1,4004.35,4045.6,SL,4004.35,-1.0
2026-06-24 13:15:00-04:00,SELL,HIGH,4007.4,4030.39,3992.07,TP1,3992.07,0.667
2026-06-24 14:15:00-04:00,SELL,HIGH,4007.3,4031.19,3991.37,TP1,3991.37,0.667
2026-06-24 15:15:00-04:00,SELL,HIGH,4000.7,4022.54,3986.14,SL,4022.54,-1.0
2026-06-24 15:30:00-04:00,BUY,MEDIUM,4000.0,3978.73,4014.18,TP1,4014.18,0.667
2026-06-24 16:30:00-04:00,BUY,HIGH,4016.2,3996.27,4029.49,TP1,4029.49,0.667
2026-06-24 18:00:00-04:00,BUY,HIGH,4017.4,3998.83,4029.78,TP1,4029.78,0.667
2026-06-24 19:00:00-04:00,BUY,HIGH,4011.1,3994.42,4022.22,TP1,4022.22,0.667
2026-06-24 20:00:00-04:00,BUY,HIGH,4020.6,4003.77,4031.82,SL,4003.77,-1.0
2026-06-24 21:00:00-04:00,SELL,HIGH,4001.9,4021.53,3988.82,TP1,3988.82,0.667
2026-06-24 22:00:00-04:00,SELL,HIGH,3983.3,4004.93,3968.88,SL,4004.93,-1.0
2026-06-24 22:30:00-04:00,BUY,MEDIUM,3994.4,3971.95,4009.37,TP1,4009.37,0.667
2026-06-24 23:00:00-04:00,SELL,HIGH,3986.3,4009.07,3971.12,SL,4009.07,-1.0
2026-06-24 23:30:00-04:00,BUY,MEDIUM,3990.4,3968.29,4005.14,TP1,4005.14,0.667
2026-06-25 00:30:00-04:00,BUY,HIGH,4007.3,3985.59,4021.77,TP1,4021.77,0.667
2026-06-25 01:30:00-04:00,BUY,HIGH,3999.1,3979.1,4012.43,TP1,4012.43,0.667
2026-06-25 02:30:00-04:00,SELL,HIGH,3997.0,4015.88,3984.41,SL,4015.88,-1.0
2026-06-25 03:15:00-04:00,BUY,MEDIUM,4000.8,3982.27,4013.15,TP1,4013.15,0.667
2026-06-25 03:45:00-04:00,SELL,HIGH,4003.5,4023.05,3990.47,TP1,3990.47,0.667
2026-06-25 04:00:00-04:00,BUY,HIGH,4002.6,3983.28,4015.48,TP1,4015.48,0.667
2026-06-25 05:00:00-04:00,BUY,HIGH,4006.9,3988.56,4019.13,TP1,4019.13,0.667
2026-06-25 06:00:00-04:00,BUY,HIGH,3999.2,3982.7,4010.2,TP1,4010.2,0.667
2026-06-25 06:30:00-04:00,SELL,HIGH,4000.8,4016.17,3990.55,TP1,3990.55,0.667
2026-06-25 07:30:00-04:00,SELL,HIGH,3999.9,4014.21,3990.36,SL,4014.21,-1.0
2026-06-25 07:45:00-04:00,BUY,MEDIUM,3995.3,3981.07,4004.78,TP1,4004.78,0.667
2026-06-25 08:45:00-04:00,BUY,HIGH,4028.2,4011.88,4039.08,TP1,4039.08,0.667
2026-06-25 09:45:00-04:00,BUY,HIGH,4017.5,3998.53,4030.15,TP1,4030.15,0.667
2026-06-25 10:45:00-04:00,BUY,HIGH,4027.6,4007.5,4041.0,TP1,4041.0,0.667
2026-06-25 11:45:00-04:00,BUY,HIGH,4057.5,4035.25,4072.33,SL,4035.25,-1.0
2026-06-25 12:45:00-04:00,BUY,HIGH,4044.0,4023.93,4057.38,TP1,4057.38,0.667
2026-06-25 13:45:00-04:00,BUY,HIGH,4050.2,4032.8,4061.8,SL,4032.8,-1.0
2026-06-25 14:45:00-04:00,BUY,HIGH,4050.4,4033.47,4061.68,SL,4033.47,-1.0
2026-06-25 15:45:00-04:00,BUY,MEDIUM,4041.6,4025.54,4052.31,SL,4025.54,-1.0
2026-06-25 16:45:00-04:00,BUY,MEDIUM,4041.6,4027.53,4050.98,TP1,4050.98,0.667
2026-06-25 18:00:00-04:00,BUY,MEDIUM,4038.2,4024.02,4047.65,TP1,4047.65,0.667
2026-06-25 19:00:00-04:00,BUY,HIGH,4038.9,4025.12,4048.09,SL,4025.12,-1.0
2026-06-25 20:00:00-04:00,BUY,MEDIUM,4034.7,4020.73,4044.01,TP1,4044.01,0.667
2026-06-25 21:00:00-04:00,BUY,HIGH,4034.8,4020.25,4044.5,SL,4020.25,-1.0
2026-06-25 22:00:00-04:00,BUY,HIGH,4030.5,4016.12,4040.09,SL,4016.12,-1.0
2026-06-25 22:15:00-04:00,SELL,HIGH,4022.9,4037.63,4013.08,TP1,4013.08,0.667
2026-06-25 23:15:00-04:00,SELL,HIGH,4010.4,4026.25,3999.83,SL,4026.25,-1.0
2026-06-26 00:00:00-04:00,BUY,MEDIUM,4023.4,4007.88,4033.75,TP1,4033.75,0.667
2026-06-26 01:00:00-04:00,BUY,HIGH,4030.5,4016.05,4040.13,TP1,4040.13,0.667
2026-06-26 02:00:00-04:00,BUY,HIGH,4025.0,4011.13,4034.25,TP1,4034.25,0.667
2026-06-26 03:00:00-04:00,BUY,HIGH,4043.5,4029.09,4053.11,TP1,4053.11,0.667
2026-06-26 04:00:00-04:00,BUY,HIGH,4046.4,4032.59,4055.6,TP1,4055.6,0.667
2026-06-26 05:00:00-04:00,BUY,HIGH,4054.7,4041.44,4063.54,TP1,4063.54,0.667
2026-06-26 06:00:00-04:00,BUY,HIGH,4066.4,4052.58,4075.61,SL,4052.58,-1.0
2026-06-26 07:00:00-04:00,BUY,HIGH,4062.7,4049.19,4071.71,TP1,4071.71,0.667
2026-06-26 08:00:00-04:00,BUY,HIGH,4064.0,4050.94,4072.71,SL,4050.94,-1.0
2026-06-26 09:00:00-04:00,BUY,HIGH,4065.1,4048.56,4076.13,TP1,4076.13,0.667
2026-06-26 10:00:00-04:00,BUY,HIGH,4097.8,4078.56,4110.63,TP1,4110.63,0.667
2026-06-26 11:00:00-04:00,BUY,HIGH,4094.3,4076.2,4106.37,TP1,4106.37,0.667
2026-06-26 12:00:00-04:00,BUY,HIGH,4106.8,4089.64,4118.24,SL,4089.64,-1.0
2026-06-26 13:00:00-04:00,BUY,HIGH,4098.4,4082.69,4108.87,SL,4082.69,-1.0
2026-06-26 14:00:00-04:00,BUY,HIGH,4091.6,4077.53,4100.98,TP1,4100.98,0.667
2026-06-26 15:00:00-04:00,BUY,HIGH,4084.0,4071.55,4092.3,TP1,4092.3,0.667
2026-06-26 16:00:00-04:00,BUY,HIGH,4082.4,4070.55,4090.3,TP1,4090.3,0.667
2026-06-28 18:00:00-04:00,BUY,HIGH,4083.8,4070.62,4092.58,SL,4070.62,-1.0
2026-06-28 19:00:00-04:00,BUY,HIGH,4079.9,4066.41,4088.89,SL,4066.41,-1.0
2026-06-28 20:00:00-04:00,BUY,HIGH,4073.5,4059.83,4082.61,TP1,4082.61,0.667
2026-06-28 21:00:00-04:00,BUY,HIGH,4069.5,4052.82,4080.62,TP1,4080.62,0.667
2026-06-28 22:00:00-04:00,BUY,HIGH,4076.0,4059.42,4087.05,TP1,4087.05,0.667
2026-06-28 23:00:00-04:00,BUY,HIGH,4083.8,4067.71,4094.52,SL,4067.71,-1.0
2026-06-29 00:00:00-04:00,BUY,HIGH,4079.6,4065.16,4089.23,SL,4065.16,-1.0
2026-06-29 01:00:00-04:00,BUY,MEDIUM,4069.9,4055.63,4079.41,SL,4055.63,-1.0
2026-06-29 02:00:00-04:00,BUY,HIGH,4073.9,4059.23,4083.68,SL,4059.23,-1.0
2026-06-29 03:00:00-04:00,BUY,HIGH,4073.6,4060.2,4082.53,TP1,4082.53,0.667
2026-06-29 04:00:00-04:00,BUY,HIGH,4078.5,4065.97,4086.86,SL,4065.97,-1.0
2026-06-29 05:00:00-04:00,BUY,MEDIUM,4064.5,4051.09,4073.44,SL,4051.09,-1.0
2026-06-29 05:30:00-04:00,SELL,HIGH,4057.6,4071.08,4048.61,TP1,4048.61,0.667
2026-06-29 06:30:00-04:00,SELL,HIGH,4049.2,4063.47,4039.69,SL,4063.47,-1.0
2026-06-29 07:00:00-04:00,BUY,MEDIUM,4049.0,4035.46,4058.03,TP1,4058.03,0.667
2026-06-29 07:15:00-04:00,SELL,HIGH,4046.2,4059.74,4037.17,SL,4059.74,-1.0
2026-06-29 07:30:00-04:00,BUY,MEDIUM,4049.2,4035.68,4058.21,TP1,4058.21,0.667
2026-06-29 08:30:00-04:00,BUY,HIGH,4058.9,4044.59,4068.44,SL,4044.59,-1.0
2026-06-29 09:30:00-04:00,BUY,MEDIUM,4052.6,4038.33,4062.12,SL,4038.33,-1.0
2026-06-29 10:00:00-04:00,SELL,HIGH,4022.8,4039.33,4011.78,SL,4039.33,-1.0
2026-06-29 11:00:00-04:00,BUY,MEDIUM,4035.4,4017.67,4047.22,SL,4017.67,-1.0
2026-06-29 12:00:00-04:00,BUY,MEDIUM,4038.4,4021.96,4049.36,SL,4021.96,-1.0
2026-06-29 13:00:00-04:00,BUY,MEDIUM,4043.6,4028.73,4053.51,SL,4028.73,-1.0
2026-06-29 13:45:00-04:00,SELL,HIGH,4035.3,4048.7,4026.36,TP1,4026.36,0.667
2026-06-29 14:15:00-04:00,BUY,MEDIUM,4035.7,4023.18,4044.05,SL,4023.18,-1.0
2026-06-29 14:30:00-04:00,SELL,HIGH,4035.3,4047.16,4027.39,TP1,4027.39,0.667
2026-06-29 15:30:00-04:00,BUY,MEDIUM,4032.5,4020.63,4040.41,SL,4020.63,-1.0
2026-06-29 16:30:00-04:00,BUY,MEDIUM,4030.2,4019.83,4037.11,SL,4019.83,-1.0
2026-06-29 18:00:00-04:00,BUY,MEDIUM,4032.0,4022.13,4038.58,SL,4022.13,-1.0
2026-06-29 18:30:00-04:00,SELL,HIGH,4024.3,4033.94,4017.87,SL,4033.94,-1.0
2026-06-29 19:00:00-04:00,BUY,MEDIUM,4035.1,4025.22,4041.69,SL,4025.22,-1.0
2026-06-29 19:45:00-04:00,SELL,HIGH,4029.4,4039.23,4022.85,TP1,4022.85,0.667
2026-06-29 20:45:00-04:00,SELL,HIGH,4001.3,4013.57,3993.12,TP1,3993.12,0.667
2026-06-29 21:45:00-04:00,SELL,HIGH,3982.7,4001.28,3970.31,TP1,3970.31,0.667
2026-06-29 22:45:00-04:00,SELL,HIGH,3975.8,3994.5,3963.33,SL,3994.5,-1.0
2026-06-29 23:45:00-04:00,SELL,HIGH,3983.8,4000.55,3972.63,SL,4000.55,-1.0
2026-06-30 00:00:00-04:00,BUY,HIGH,3985.8,3969.51,3996.66,TP1,3996.66,0.667
2026-06-30 01:00:00-04:00,BUY,HIGH,3998.8,3982.74,4009.51,TP1,4009.51,0.667
2026-06-30 02:00:00-04:00,BUY,HIGH,4001.2,3985.75,4011.5,TP1,4011.5,0.667
2026-06-30 03:00:00-04:00,BUY,HIGH,4039.3,4021.35,4051.26,TP1,4051.26,0.667
2026-06-30 04:00:00-04:00,BUY,HIGH,4038.0,4020.77,4049.49,TP1,4049.49,0.667
2026-06-30 05:00:00-04:00,BUY,HIGH,4032.4,4016.53,4042.98,TP1,4042.98,0.667
2026-06-30 06:00:00-04:00,BUY,HIGH,4039.8,4025.62,4049.25,TP1,4049.25,0.667
2026-06-30 07:00:00-04:00,BUY,HIGH,4047.6,4034.77,4056.16,SL,4034.77,-1.0
2026-06-30 08:00:00-04:00,BUY,HIGH,4040.1,4027.77,4048.32,SL,4027.77,-1.0
2026-06-30 09:00:00-04:00,BUY,HIGH,4037.4,4023.36,4046.76,TP1,4046.76,0.667
2026-06-30 10:00:00-04:00,BUY,HIGH,4058.0,4041.24,4069.18,TP1,4069.18,0.667
2026-06-30 11:00:00-04:00,BUY,HIGH,4050.6,4032.87,4062.42,SL,4032.87,-1.0
2026-06-30 12:00:00-04:00,BUY,HIGH,4044.5,4028.51,4055.16,SL,4028.51,-1.0
2026-06-30 13:00:00-04:00,BUY,HIGH,4037.6,4023.31,4047.13,TP1,4047.13,0.667
2026-06-30 14:00:00-04:00,BUY,HIGH,4047.2,4034.88,4055.41,SL,4034.88,-1.0
2026-06-30 15:00:00-04:00,BUY,HIGH,4039.2,4028.44,4046.37,SL,4028.44,-1.0
2026-06-30 16:00:00-04:00,BUY,HIGH,4034.6,4024.4,4041.4,SL,4024.4,-1.0
2026-06-30 18:00:00-04:00,BUY,MEDIUM,4027.5,4017.29,4034.31,SL,4017.29,-1.0
2026-06-30 19:00:00-04:00,BUY,MEDIUM,4027.4,4017.59,4033.94,SL,4017.59,-1.0
2026-06-30 19:45:00-04:00,SELL,HIGH,4018.9,4028.34,4012.6,TP1,4012.6,0.667
2026-06-30 20:45:00-04:00,SELL,HIGH,4010.2,4020.21,4003.53,TP1,4003.53,0.667
2026-06-30 21:45:00-04:00,SELL,HIGH,3990.8,4003.35,3982.44,TP1,3982.44,0.667
2026-06-30 22:45:00-04:00,SELL,HIGH,3991.9,4004.24,3983.67,TP1,3983.67,0.667
2026-06-30 23:45:00-04:00,SELL,HIGH,3992.9,4004.33,3985.28,TP1,3985.28,0.667
2026-07-01 00:45:00-04:00,SELL,HIGH,3989.2,4000.33,3981.78,TP1,3981.78,0.667
2026-07-01 01:45:00-04:00,SELL,HIGH,3986.6,3997.44,3979.37,TP1,3979.37,0.667
2026-07-01 02:45:00-04:00,SELL,HIGH,3985.0,3996.44,3977.37,TP1,3977.37,0.667
2026-07-01 03:45:00-04:00,BUY,MEDIUM,3988.7,3975.91,3997.23,TP1,3997.23,0.667
2026-07-01 04:45:00-04:00,BUY,HIGH,3987.7,3975.25,3996.0,TP1,3996.0,0.667
2026-07-01 05:45:00-04:00,BUY,HIGH,3997.9,3986.79,4005.3,TP1,4005.3,0.667
2026-07-01 06:45:00-04:00,BUY,HIGH,4011.9,4000.45,4019.53,TP1,4019.53,0.667
2026-07-01 07:45:00-04:00,BUY,HIGH,4044.0,4030.74,4052.84,SL,4030.74,-1.0
2026-07-01 08:45:00-04:00,BUY,HIGH,4036.8,4023.22,4045.85,TP1,4045.85,0.667
2026-07-01 09:45:00-04:00,BUY,HIGH,4104.2,4082.03,4118.98,TP1,4118.98,0.667
2026-07-01 10:45:00-04:00,BUY,HIGH,4107.9,4084.67,4123.39,SL,4084.67,-1.0
2026-07-01 11:45:00-04:00,BUY,HIGH,4095.1,4073.79,4109.31,SL,4073.79,-1.0
2026-07-01 12:45:00-04:00,BUY,HIGH,4085.0,4066.34,4097.44,SL,4066.34,-1.0
2026-07-01 13:45:00-04:00,BUY,HIGH,4082.2,4066.23,4092.85,SL,4066.23,-1.0
2026-07-01 14:45:00-04:00,BUY,HIGH,4076.0,4061.93,4085.38,SL,4061.93,-1.0
2026-07-01 15:45:00-04:00,BUY,MEDIUM,4052.3,4037.54,4062.14,TP1,4062.14,0.667
2026-07-01 16:45:00-04:00,BUY,MEDIUM,4044.6,4031.01,4053.66,TP1,4053.66,0.667
2026-07-01 18:00:00-04:00,BUY,HIGH,4049.2,4035.61,4058.26,TP1,4058.26,0.667
2026-07-01 19:00:00-04:00,BUY,HIGH,4049.6,4037.41,4057.73,TP1,4057.73,0.667
2026-07-01 20:00:00-04:00,BUY,HIGH,4057.4,4045.15,4065.57,TP1,4065.57,0.667
2026-07-01 21:00:00-04:00,BUY,HIGH,4076.9,4062.85,4086.27,SL,4062.85,-1.0
2026-07-01 22:00:00-04:00,BUY,HIGH,4060.5,4045.61,4070.43,TP1,4070.43,0.667
2026-07-01 23:00:00-04:00,BUY,HIGH,4069.9,4056.25,4079.0,TP1,4079.0,0.667
2026-07-02 00:00:00-04:00,BUY,HIGH,4082.4,4069.24,4091.17,SL,4069.24,-1.0
2026-07-02 01:00:00-04:00,BUY,HIGH,4067.5,4055.46,4075.53,TP1,4075.53,0.667
2026-07-02 02:00:00-04:00,BUY,HIGH,4080.9,4068.23,4089.35,TP1,4089.35,0.667
2026-07-02 03:00:00-04:00,BUY,HIGH,4080.1,4066.79,4088.97,TP1,4088.97,0.667
2026-07-02 04:00:00-04:00,BUY,HIGH,4081.9,4067.52,4091.49,TP1,4091.49,0.667
2026-07-02 05:00:00-04:00,BUY,HIGH,4085.0,4071.43,4094.04,SL,4071.43,-1.0
2026-07-02 06:00:00-04:00,BUY,HIGH,4075.8,4063.03,4084.31,TP1,4084.31,0.667
2026-07-02 07:00:00-04:00,BUY,HIGH,4075.7,4063.5,4083.84,TP1,4083.84,0.667
2026-07-02 08:00:00-04:00,BUY,HIGH,4076.3,4064.04,4084.47,TP1,4084.47,0.667
2026-07-02 09:00:00-04:00,BUY,HIGH,4137.2,4116.45,4151.04,TP1,4151.04,0.667
2026-07-02 10:00:00-04:00,BUY,HIGH,4141.3,4119.15,4156.07,SL,4119.15,-1.0
2026-07-02 11:00:00-04:00,BUY,HIGH,4139.9,4117.29,4154.97,SL,4117.29,-1.0
2026-07-02 12:00:00-04:00,BUY,HIGH,4136.4,4116.32,4149.78,SL,4116.32,-1.0
2026-07-02 13:00:00-04:00,BUY,HIGH,4131.4,4112.73,4143.85,TP1,4143.85,0.667
2026-07-02 14:00:00-04:00,BUY,HIGH,4131.9,4114.01,4143.83,TP1,4143.83,0.667
2026-07-02 15:00:00-04:00,BUY,HIGH,4127.7,4111.51,4138.5,TP1,4138.5,0.667
2026-07-02 16:00:00-04:00,BUY,HIGH,4133.0,4118.24,4142.84,TP1,4142.84,0.667
2026-07-02 18:00:00-04:00,BUY,HIGH,4137.8,4124.81,4146.46,TP1,4146.46,0.667
2026-07-02 19:00:00-04:00,BUY,HIGH,4138.2,4127.29,4145.47,TP1,4145.47,0.667
2026-07-02 20:00:00-04:00,BUY,HIGH,4147.5,4135.16,4155.73,TP1,4155.73,0.667
2026-07-02 21:00:00-04:00,BUY,HIGH,4188.7,4173.0,4199.17,TP1,4199.17,0.667
2026-07-02 22:00:00-04:00,BUY,HIGH,4192.6,4175.93,4203.71,TP1,4203.71,0.667
2026-07-02 23:00:00-04:00,BUY,HIGH,4195.7,4180.78,4205.65,TP1,4205.65,0.667
2026-07-05 18:00:00-04:00,BUY,HIGH,4192.7,4178.67,4202.05,TP1,4202.05,0.667
2026-07-05 19:00:00-04:00,BUY,HIGH,4199.6,4183.53,4210.31,TP1,4210.31,0.667
2026-07-05 20:00:00-04:00,BUY,HIGH,4186.9,4167.37,4199.92,TP1,4199.92,0.667
2026-07-05 21:00:00-04:00,BUY,HIGH,4200.6,4180.29,4214.14,TP1,4214.14,0.667
2026-07-05 22:00:00-04:00,BUY,HIGH,4193.2,4171.11,4207.93,SL,4171.11,-1.0
2026-07-05 23:00:00-04:00,BUY,HIGH,4178.4,4158.35,4191.77,SL,4158.35,-1.0
2026-07-06 00:00:00-04:00,BUY,HIGH,4175.4,4156.82,4187.78,SL,4156.82,-1.0
2026-07-06 01:00:00-04:00,BUY,MEDIUM,4163.5,4143.73,4176.68,TP1,4176.68,0.667
2026-07-06 02:00:00-04:00,BUY,MEDIUM,4163.7,4140.54,4179.14,TP1,4179.14,0.667
2026-07-06 03:00:00-04:00,BUY,HIGH,4162.4,4135.04,4180.64,TP1,4180.64,0.667
2026-07-06 04:00:00-04:00,BUY,HIGH,4169.4,4142.91,4187.06,TP1,4187.06,0.667
2026-07-06 05:00:00-04:00,BUY,HIGH,4161.3,4133.04,4180.14,TP1,4180.14,0.667
